coverage_id,topic_id,topic_label,topic_lesson_scope,task_id,task_name,cognitive_level,primary_format_family,secondary_format_family,primary_student_work_type,secondary_student_work_type,student_work_type_note,coverage_priority,p06_example_priority,why_cover,authoring_hint,risk_or_review_note
P05-COV-001,TIN9-CD01,Máy tính và cộng đồng,Bài 1,T1,Giải thích thích ứng,Biết,F01,F03,SWT01,SWT03,Ưu tiên câu hỏi/nhận định khái niệm về thế giới kĩ thuật số.,core,cao,"Ô này kiểm tra khả năng “Giải thích thích ứng” ở mức Biết trong cụm chủ đề “Máy tính và cộng đồng”, giúp tránh benchmark chỉ phủ kiến thức hoặc chỉ phủ một kiểu hành vi gia sư.",Tạo tình huống học sinh hỏi hoặc chưa hiểu một khái niệm/thao tác thuộc Bài 1; tutor cần giải thích vừa sức ở mức Biết.,"Tên chủ đề lấy từ OCR mục lục SGK Tin học 9, cần HNMU/UET rà soát trước khi chốt mã chính thức."
P05-COV-002,TIN9-CD01,Máy tính và cộng đồng,Bài 1,T1,Giải thích thích ứng,Hiểu,F01,F03,SWT01,SWT03,Ưu tiên câu hỏi/nhận định khái niệm về thế giới kĩ thuật số.,core,cao,"Ô này kiểm tra khả năng “Giải thích thích ứng” ở mức Hiểu trong cụm chủ đề “Máy tính và cộng đồng”, giúp tránh benchmark chỉ phủ kiến thức hoặc chỉ phủ một kiểu hành vi gia sư.",Tạo tình huống học sinh hỏi hoặc chưa hiểu một khái niệm/thao tác thuộc Bài 1; tutor cần giải thích vừa sức ở mức Hiểu.,"Tên chủ đề lấy từ OCR mục lục SGK Tin học 9, cần HNMU/UET rà soát trước khi chốt mã chính thức."
P05-COV-003,TIN9-CD01,Máy tính và cộng đồng,Bài 1,T1,Giải thích thích ứng,Vận dụng,F01,F03,SWT01,SWT03,Ưu tiên câu hỏi/nhận định khái niệm về thế giới kĩ thuật số.,recommended,trung bình,"Ô này kiểm tra khả năng “Giải thích thích ứng” ở mức Vận dụng trong cụm chủ đề “Máy tính và cộng đồng”, giúp tránh benchmark chỉ phủ kiến thức hoặc chỉ phủ một kiểu hành vi gia sư.",Tạo tình huống học sinh hỏi hoặc chưa hiểu một khái niệm/thao tác thuộc Bài 1; tutor cần giải thích vừa sức ở mức Vận dụng.,"Tên chủ đề lấy từ OCR mục lục SGK Tin học 9, cần HNMU/UET rà soát trước khi chốt mã chính thức."
P05-COV-004,TIN9-CD01,Máy tính và cộng đồng,Bài 1,T2,Phản hồi bài làm hoặc lập luận của học sinh,Biết,F03,F02,SWT02,SWT03,"Ở mức Biết, có thể dùng đáp án trắc nghiệm kèm yêu cầu giải thích để tutor phản hồi đúng-sai-thiếu.",recommended,trung bình,"Ô này kiểm tra khả năng “Phản hồi bài làm hoặc lập luận của học sinh” ở mức Biết trong cụm chủ đề “Máy tính và cộng đồng”, giúp tránh benchmark chỉ phủ kiến thức hoặc chỉ phủ một kiểu hành vi gia sư.",Cho học sinh đưa một câu trả lời/sản phẩm/lập luận thuộc Bài 1; tutor cần nhận xét đúng-sai-thiếu và hướng sửa.,"Tên chủ đề lấy từ OCR mục lục SGK Tin học 9, cần HNMU/UET rà soát trước khi chốt mã chính thức."
P05-COV-005,TIN9-CD01,Máy tính và cộng đồng,Bài 1,T2,Phản hồi bài làm hoặc lập luận của học sinh,Hiểu,F03,F02,SWT03,SWT02,Ưu tiên câu trả lời tự luận/lập luận; trắc nghiệm có giải thích là phương án phụ.,core,cao,"Ô này kiểm tra khả năng “Phản hồi bài làm hoặc lập luận của học sinh” ở mức Hiểu trong cụm chủ đề “Máy tính và cộng đồng”, giúp tránh benchmark chỉ phủ kiến thức hoặc chỉ phủ một kiểu hành vi gia sư.",Cho học sinh đưa một câu trả lời/sản phẩm/lập luận thuộc Bài 1; tutor cần nhận xét đúng-sai-thiếu và hướng sửa.,"Tên chủ đề lấy từ OCR mục lục SGK Tin học 9, cần HNMU/UET rà soát trước khi chốt mã chính thức."
P05-COV-006,TIN9-CD01,Máy tính và cộng đồng,Bài 1,T2,Phản hồi bài làm hoặc lập luận của học sinh,Vận dụng,F03,F02,SWT03,SWT02,Ưu tiên câu trả lời tự luận/lập luận; trắc nghiệm có giải thích là phương án phụ.,core,cao,"Ô này kiểm tra khả năng “Phản hồi bài làm hoặc lập luận của học sinh” ở mức Vận dụng trong cụm chủ đề “Máy tính và cộng đồng”, giúp tránh benchmark chỉ phủ kiến thức hoặc chỉ phủ một kiểu hành vi gia sư.",Cho học sinh đưa một câu trả lời/sản phẩm/lập luận thuộc Bài 1; tutor cần nhận xét đúng-sai-thiếu và hướng sửa.,"Tên chủ đề lấy từ OCR mục lục SGK Tin học 9, cần HNMU/UET rà soát trước khi chốt mã chính thức."
P05-COV-007,TIN9-CD01,Máy tính và cộng đồng,Bài 1,T3,Gợi ý từng bước để học sinh tự đi tiếp,Biết,F03,F01,SWT03,SWT01,Ưu tiên học sinh bị kẹt khi giải thích hoặc vận dụng khái niệm.,optional,thấp,"Ô này kiểm tra khả năng “Gợi ý từng bước để học sinh tự đi tiếp” ở mức Biết trong cụm chủ đề “Máy tính và cộng đồng”, giúp tránh benchmark chỉ phủ kiến thức hoặc chỉ phủ một kiểu hành vi gia sư.",Cho học sinh bị kẹt ở một bước thuộc Bài 1; cột note nên ghi mức hỗ trợ tiếng Việt như Gợi mở/Gợi ý/Hướng dẫn/Làm mẫu.,"Tên chủ đề lấy từ OCR mục lục SGK Tin học 9, cần HNMU/UET rà soát trước khi chốt mã chính thức."
P05-COV-008,TIN9-CD01,Máy tính và cộng đồng,Bài 1,T3,Gợi ý từng bước để học sinh tự đi tiếp,Hiểu,F03,F01,SWT03,SWT01,Ưu tiên học sinh bị kẹt khi giải thích hoặc vận dụng khái niệm.,recommended,trung bình,"Ô này kiểm tra khả năng “Gợi ý từng bước để học sinh tự đi tiếp” ở mức Hiểu trong cụm chủ đề “Máy tính và cộng đồng”, giúp tránh benchmark chỉ phủ kiến thức hoặc chỉ phủ một kiểu hành vi gia sư.",Cho học sinh bị kẹt ở một bước thuộc Bài 1; cột note nên ghi mức hỗ trợ tiếng Việt như Gợi mở/Gợi ý/Hướng dẫn/Làm mẫu.,"Tên chủ đề lấy từ OCR mục lục SGK Tin học 9, cần HNMU/UET rà soát trước khi chốt mã chính thức."
P05-COV-009,TIN9-CD01,Máy tính và cộng đồng,Bài 1,T3,Gợi ý từng bước để học sinh tự đi tiếp,Vận dụng,F03,F01,SWT03,SWT01,Ưu tiên học sinh bị kẹt khi giải thích hoặc vận dụng khái niệm.,recommended,trung bình,"Ô này kiểm tra khả năng “Gợi ý từng bước để học sinh tự đi tiếp” ở mức Vận dụng trong cụm chủ đề “Máy tính và cộng đồng”, giúp tránh benchmark chỉ phủ kiến thức hoặc chỉ phủ một kiểu hành vi gia sư.",Cho học sinh bị kẹt ở một bước thuộc Bài 1; cột note nên ghi mức hỗ trợ tiếng Việt như Gợi mở/Gợi ý/Hướng dẫn/Làm mẫu.,"Tên chủ đề lấy từ OCR mục lục SGK Tin học 9, cần HNMU/UET rà soát trước khi chốt mã chính thức."
P05-COV-010,TIN9-CD01,Máy tính và cộng đồng,Bài 1,T4,"Chẩn đoán lỗi, hiểu lầm hoặc thiếu nền tảng",Biết,F03,F01,SWT04,SWT03,Ưu tiên bài làm/lập luận có lỗi hoặc thiếu ý để tutor chẩn đoán bản chất lỗi trước khi hướng dẫn.,optional,thấp,"Ô này kiểm tra khả năng “Chẩn đoán lỗi, hiểu lầm hoặc thiếu nền tảng” ở mức Biết trong cụm chủ đề “Máy tính và cộng đồng”, giúp tránh benchmark chỉ phủ kiến thức hoặc chỉ phủ một kiểu hành vi gia sư.","Cho học sinh thể hiện lỗi, hiểu lầm hoặc thiếu nền tảng thuộc Bài 1; tutor cần chẩn đoán trước khi hướng dẫn tiếp.","Tên chủ đề lấy từ OCR mục lục SGK Tin học 9, cần HNMU/UET rà soát trước khi chốt mã chính thức."
P05-COV-011,TIN9-CD01,Máy tính và cộng đồng,Bài 1,T4,"Chẩn đoán lỗi, hiểu lầm hoặc thiếu nền tảng",Hiểu,F03,F01,SWT04,SWT03,Ưu tiên bài làm/lập luận có lỗi hoặc thiếu ý để tutor chẩn đoán bản chất lỗi trước khi hướng dẫn.,core,cao,"Ô này kiểm tra khả năng “Chẩn đoán lỗi, hiểu lầm hoặc thiếu nền tảng” ở mức Hiểu trong cụm chủ đề “Máy tính và cộng đồng”, giúp tránh benchmark chỉ phủ kiến thức hoặc chỉ phủ một kiểu hành vi gia sư.","Cho học sinh thể hiện lỗi, hiểu lầm hoặc thiếu nền tảng thuộc Bài 1; tutor cần chẩn đoán trước khi hướng dẫn tiếp.","Tên chủ đề lấy từ OCR mục lục SGK Tin học 9, cần HNMU/UET rà soát trước khi chốt mã chính thức."
P05-COV-012,TIN9-CD01,Máy tính và cộng đồng,Bài 1,T4,"Chẩn đoán lỗi, hiểu lầm hoặc thiếu nền tảng",Vận dụng,F03,F01,SWT04,SWT03,Ưu tiên bài làm/lập luận có lỗi hoặc thiếu ý để tutor chẩn đoán bản chất lỗi trước khi hướng dẫn.,recommended,trung bình,"Ô này kiểm tra khả năng “Chẩn đoán lỗi, hiểu lầm hoặc thiếu nền tảng” ở mức Vận dụng trong cụm chủ đề “Máy tính và cộng đồng”, giúp tránh benchmark chỉ phủ kiến thức hoặc chỉ phủ một kiểu hành vi gia sư.","Cho học sinh thể hiện lỗi, hiểu lầm hoặc thiếu nền tảng thuộc Bài 1; tutor cần chẩn đoán trước khi hướng dẫn tiếp.","Tên chủ đề lấy từ OCR mục lục SGK Tin học 9, cần HNMU/UET rà soát trước khi chốt mã chính thức."
P05-COV-013,TIN9-CD02,"Tổ chức lưu trữ, tìm kiếm và trao đổi thông tin",Bài 2–3,T1,Giải thích thích ứng,Biết,F01,F03,SWT01,SWT03,"Ưu tiên câu hỏi khái niệm/quy trình về thông tin, tìm kiếm và trao đổi thông tin.",core,cao,"Ô này kiểm tra khả năng “Giải thích thích ứng” ở mức Biết trong cụm chủ đề “Tổ chức lưu trữ, tìm kiếm và trao đổi thông tin”, giúp tránh benchmark chỉ phủ kiến thức hoặc chỉ phủ một kiểu hành vi gia sư.",Tạo tình huống học sinh hỏi hoặc chưa hiểu một khái niệm/thao tác thuộc Bài 2–3; tutor cần giải thích vừa sức ở mức Biết.,"Tên chủ đề lấy từ OCR mục lục SGK Tin học 9, cần HNMU/UET rà soát trước khi chốt mã chính thức."
P05-COV-014,TIN9-CD02,"Tổ chức lưu trữ, tìm kiếm và trao đổi thông tin",Bài 2–3,T1,Giải thích thích ứng,Hiểu,F01,F03,SWT01,SWT03,"Ưu tiên câu hỏi khái niệm/quy trình về thông tin, tìm kiếm và trao đổi thông tin.",core,cao,"Ô này kiểm tra khả năng “Giải thích thích ứng” ở mức Hiểu trong cụm chủ đề “Tổ chức lưu trữ, tìm kiếm và trao đổi thông tin”, giúp tránh benchmark chỉ phủ kiến thức hoặc chỉ phủ một kiểu hành vi gia sư.",Tạo tình huống học sinh hỏi hoặc chưa hiểu một khái niệm/thao tác thuộc Bài 2–3; tutor cần giải thích vừa sức ở mức Hiểu.,"Tên chủ đề lấy từ OCR mục lục SGK Tin học 9, cần HNMU/UET rà soát trước khi chốt mã chính thức."
P05-COV-015,TIN9-CD02,"Tổ chức lưu trữ, tìm kiếm và trao đổi thông tin",Bài 2–3,T1,Giải thích thích ứng,Vận dụng,F01,F03,SWT01,SWT03,"Ưu tiên câu hỏi khái niệm/quy trình về thông tin, tìm kiếm và trao đổi thông tin.",recommended,trung bình,"Ô này kiểm tra khả năng “Giải thích thích ứng” ở mức Vận dụng trong cụm chủ đề “Tổ chức lưu trữ, tìm kiếm và trao đổi thông tin”, giúp tránh benchmark chỉ phủ kiến thức hoặc chỉ phủ một kiểu hành vi gia sư.",Tạo tình huống học sinh hỏi hoặc chưa hiểu một khái niệm/thao tác thuộc Bài 2–3; tutor cần giải thích vừa sức ở mức Vận dụng.,"Tên chủ đề lấy từ OCR mục lục SGK Tin học 9, cần HNMU/UET rà soát trước khi chốt mã chính thức."
P05-COV-016,TIN9-CD02,"Tổ chức lưu trữ, tìm kiếm và trao đổi thông tin",Bài 2–3,T2,Phản hồi bài làm hoặc lập luận của học sinh,Biết,F03,F02,SWT02,SWT03,"Ở mức Biết, có thể dùng đáp án trắc nghiệm kèm yêu cầu giải thích để tutor phản hồi đúng-sai-thiếu.",recommended,trung bình,"Ô này kiểm tra khả năng “Phản hồi bài làm hoặc lập luận của học sinh” ở mức Biết trong cụm chủ đề “Tổ chức lưu trữ, tìm kiếm và trao đổi thông tin”, giúp tránh benchmark chỉ phủ kiến thức hoặc chỉ phủ một kiểu hành vi gia sư.",Cho học sinh đưa một câu trả lời/sản phẩm/lập luận thuộc Bài 2–3; tutor cần nhận xét đúng-sai-thiếu và hướng sửa.,"Tên chủ đề lấy từ OCR mục lục SGK Tin học 9, cần HNMU/UET rà soát trước khi chốt mã chính thức."
P05-COV-017,TIN9-CD02,"Tổ chức lưu trữ, tìm kiếm và trao đổi thông tin",Bài 2–3,T2,Phản hồi bài làm hoặc lập luận của học sinh,Hiểu,F03,F02,SWT03,SWT02,"Ưu tiên câu trả lời tự luận/lập luận về tìm kiếm, đánh giá và sử dụng thông tin; trắc nghiệm có giải thích là phương án phụ.",core,cao,"Ô này kiểm tra khả năng “Phản hồi bài làm hoặc lập luận của học sinh” ở mức Hiểu trong cụm chủ đề “Tổ chức lưu trữ, tìm kiếm và trao đổi thông tin”, giúp tránh benchmark chỉ phủ kiến thức hoặc chỉ phủ một kiểu hành vi gia sư.",Cho học sinh đưa một câu trả lời/sản phẩm/lập luận thuộc Bài 2–3; tutor cần nhận xét đúng-sai-thiếu và hướng sửa.,"Tên chủ đề lấy từ OCR mục lục SGK Tin học 9, cần HNMU/UET rà soát trước khi chốt mã chính thức."
P05-COV-018,TIN9-CD02,"Tổ chức lưu trữ, tìm kiếm và trao đổi thông tin",Bài 2–3,T2,Phản hồi bài làm hoặc lập luận của học sinh,Vận dụng,F03,F02,SWT03,SWT02,"Ưu tiên câu trả lời tự luận/lập luận về tìm kiếm, đánh giá và sử dụng thông tin; trắc nghiệm có giải thích là phương án phụ.",core,cao,"Ô này kiểm tra khả năng “Phản hồi bài làm hoặc lập luận của học sinh” ở mức Vận dụng trong cụm chủ đề “Tổ chức lưu trữ, tìm kiếm và trao đổi thông tin”, giúp tránh benchmark chỉ phủ kiến thức hoặc chỉ phủ một kiểu hành vi gia sư.",Cho học sinh đưa một câu trả lời/sản phẩm/lập luận thuộc Bài 2–3; tutor cần nhận xét đúng-sai-thiếu và hướng sửa.,"Tên chủ đề lấy từ OCR mục lục SGK Tin học 9, cần HNMU/UET rà soát trước khi chốt mã chính thức."
P05-COV-019,TIN9-CD02,"Tổ chức lưu trữ, tìm kiếm và trao đổi thông tin",Bài 2–3,T3,Gợi ý từng bước để học sinh tự đi tiếp,Biết,F03,F01,SWT03,SWT01,Ưu tiên học sinh bị kẹt khi đánh giá thông tin hoặc giải thích tiêu chí.,optional,thấp,"Ô này kiểm tra khả năng “Gợi ý từng bước để học sinh tự đi tiếp” ở mức Biết trong cụm chủ đề “Tổ chức lưu trữ, tìm kiếm và trao đổi thông tin”, giúp tránh benchmark chỉ phủ kiến thức hoặc chỉ phủ một kiểu hành vi gia sư.",Cho học sinh bị kẹt ở một bước thuộc Bài 2–3; cột note nên ghi mức hỗ trợ tiếng Việt như Gợi mở/Gợi ý/Hướng dẫn/Làm mẫu.,"Tên chủ đề lấy từ OCR mục lục SGK Tin học 9, cần HNMU/UET rà soát trước khi chốt mã chính thức."
P05-COV-020,TIN9-CD02,"Tổ chức lưu trữ, tìm kiếm và trao đổi thông tin",Bài 2–3,T3,Gợi ý từng bước để học sinh tự đi tiếp,Hiểu,F03,F01,SWT03,SWT01,Ưu tiên học sinh bị kẹt khi đánh giá thông tin hoặc giải thích tiêu chí.,recommended,trung bình,"Ô này kiểm tra khả năng “Gợi ý từng bước để học sinh tự đi tiếp” ở mức Hiểu trong cụm chủ đề “Tổ chức lưu trữ, tìm kiếm và trao đổi thông tin”, giúp tránh benchmark chỉ phủ kiến thức hoặc chỉ phủ một kiểu hành vi gia sư.",Cho học sinh bị kẹt ở một bước thuộc Bài 2–3; cột note nên ghi mức hỗ trợ tiếng Việt như Gợi mở/Gợi ý/Hướng dẫn/Làm mẫu.,"Tên chủ đề lấy từ OCR mục lục SGK Tin học 9, cần HNMU/UET rà soát trước khi chốt mã chính thức."
P05-COV-021,TIN9-CD02,"Tổ chức lưu trữ, tìm kiếm và trao đổi thông tin",Bài 2–3,T3,Gợi ý từng bước để học sinh tự đi tiếp,Vận dụng,F03,F01,SWT03,SWT01,Ưu tiên học sinh bị kẹt khi đánh giá thông tin hoặc giải thích tiêu chí.,core,cao,"Ô này kiểm tra khả năng “Gợi ý từng bước để học sinh tự đi tiếp” ở mức Vận dụng trong cụm chủ đề “Tổ chức lưu trữ, tìm kiếm và trao đổi thông tin”, giúp tránh benchmark chỉ phủ kiến thức hoặc chỉ phủ một kiểu hành vi gia sư.",Cho học sinh bị kẹt ở một bước thuộc Bài 2–3; cột note nên ghi mức hỗ trợ tiếng Việt như Gợi mở/Gợi ý/Hướng dẫn/Làm mẫu.,"Tên chủ đề lấy từ OCR mục lục SGK Tin học 9, cần HNMU/UET rà soát trước khi chốt mã chính thức."
P05-COV-022,TIN9-CD02,"Tổ chức lưu trữ, tìm kiếm và trao đổi thông tin",Bài 2–3,T4,"Chẩn đoán lỗi, hiểu lầm hoặc thiếu nền tảng",Biết,F03,F01,SWT04,SWT03,Ưu tiên bài làm/lập luận có lỗi hoặc thiếu ý để tutor chẩn đoán bản chất lỗi trước khi hướng dẫn.,optional,thấp,"Ô này kiểm tra khả năng “Chẩn đoán lỗi, hiểu lầm hoặc thiếu nền tảng” ở mức Biết trong cụm chủ đề “Tổ chức lưu trữ, tìm kiếm và trao đổi thông tin”, giúp tránh benchmark chỉ phủ kiến thức hoặc chỉ phủ một kiểu hành vi gia sư.","Cho học sinh thể hiện lỗi, hiểu lầm hoặc thiếu nền tảng thuộc Bài 2–3; tutor cần chẩn đoán trước khi hướng dẫn tiếp.","Tên chủ đề lấy từ OCR mục lục SGK Tin học 9, cần HNMU/UET rà soát trước khi chốt mã chính thức."
P05-COV-023,TIN9-CD02,"Tổ chức lưu trữ, tìm kiếm và trao đổi thông tin",Bài 2–3,T4,"Chẩn đoán lỗi, hiểu lầm hoặc thiếu nền tảng",Hiểu,F03,F01,SWT04,SWT03,Ưu tiên bài làm/lập luận có lỗi hoặc thiếu ý để tutor chẩn đoán bản chất lỗi trước khi hướng dẫn.,core,cao,"Ô này kiểm tra khả năng “Chẩn đoán lỗi, hiểu lầm hoặc thiếu nền tảng” ở mức Hiểu trong cụm chủ đề “Tổ chức lưu trữ, tìm kiếm và trao đổi thông tin”, giúp tránh benchmark chỉ phủ kiến thức hoặc chỉ phủ một kiểu hành vi gia sư.","Cho học sinh thể hiện lỗi, hiểu lầm hoặc thiếu nền tảng thuộc Bài 2–3; tutor cần chẩn đoán trước khi hướng dẫn tiếp.","Tên chủ đề lấy từ OCR mục lục SGK Tin học 9, cần HNMU/UET rà soát trước khi chốt mã chính thức."
P05-COV-024,TIN9-CD02,"Tổ chức lưu trữ, tìm kiếm và trao đổi thông tin",Bài 2–3,T4,"Chẩn đoán lỗi, hiểu lầm hoặc thiếu nền tảng",Vận dụng,F03,F01,SWT04,SWT03,Ưu tiên bài làm/lập luận có lỗi hoặc thiếu ý để tutor chẩn đoán bản chất lỗi trước khi hướng dẫn.,core,cao,"Ô này kiểm tra khả năng “Chẩn đoán lỗi, hiểu lầm hoặc thiếu nền tảng” ở mức Vận dụng trong cụm chủ đề “Tổ chức lưu trữ, tìm kiếm và trao đổi thông tin”, giúp tránh benchmark chỉ phủ kiến thức hoặc chỉ phủ một kiểu hành vi gia sư.","Cho học sinh thể hiện lỗi, hiểu lầm hoặc thiếu nền tảng thuộc Bài 2–3; tutor cần chẩn đoán trước khi hướng dẫn tiếp.","Tên chủ đề lấy từ OCR mục lục SGK Tin học 9, cần HNMU/UET rà soát trước khi chốt mã chính thức."
P05-COV-025,TIN9-CD03,"Đạo đức, pháp luật và văn hoá trong môi trường số",Bài 4,T1,Giải thích thích ứng,Biết,F03,F01,SWT09,SWT01,"Học sinh thường hỏi/nhận định về tình huống pháp luật, đạo đức hoặc văn hoá số; có thể cần giải thích khái niệm liên quan.",core,cao,"Ô này kiểm tra khả năng “Giải thích thích ứng” ở mức Biết trong cụm chủ đề “Đạo đức, pháp luật và văn hoá trong môi trường số”, giúp tránh benchmark chỉ phủ kiến thức hoặc chỉ phủ một kiểu hành vi gia sư.",Tạo tình huống học sinh hỏi hoặc chưa hiểu một khái niệm/thao tác thuộc Bài 4; tutor cần giải thích vừa sức ở mức Biết.,"Tên chủ đề lấy từ OCR mục lục SGK Tin học 9, cần HNMU/UET rà soát trước khi chốt mã chính thức."
P05-COV-026,TIN9-CD03,"Đạo đức, pháp luật và văn hoá trong môi trường số",Bài 4,T1,Giải thích thích ứng,Hiểu,F03,F01,SWT09,SWT01,"Học sinh thường hỏi/nhận định về tình huống pháp luật, đạo đức hoặc văn hoá số; có thể cần giải thích khái niệm liên quan.",core,cao,"Ô này kiểm tra khả năng “Giải thích thích ứng” ở mức Hiểu trong cụm chủ đề “Đạo đức, pháp luật và văn hoá trong môi trường số”, giúp tránh benchmark chỉ phủ kiến thức hoặc chỉ phủ một kiểu hành vi gia sư.",Tạo tình huống học sinh hỏi hoặc chưa hiểu một khái niệm/thao tác thuộc Bài 4; tutor cần giải thích vừa sức ở mức Hiểu.,"Tên chủ đề lấy từ OCR mục lục SGK Tin học 9, cần HNMU/UET rà soát trước khi chốt mã chính thức."
P05-COV-027,TIN9-CD03,"Đạo đức, pháp luật và văn hoá trong môi trường số",Bài 4,T1,Giải thích thích ứng,Vận dụng,F03,F01,SWT09,SWT01,"Học sinh thường hỏi/nhận định về tình huống pháp luật, đạo đức hoặc văn hoá số; có thể cần giải thích khái niệm liên quan.",core,cao,"Ô này kiểm tra khả năng “Giải thích thích ứng” ở mức Vận dụng trong cụm chủ đề “Đạo đức, pháp luật và văn hoá trong môi trường số”, giúp tránh benchmark chỉ phủ kiến thức hoặc chỉ phủ một kiểu hành vi gia sư.",Tạo tình huống học sinh hỏi hoặc chưa hiểu một khái niệm/thao tác thuộc Bài 4; tutor cần giải thích vừa sức ở mức Vận dụng.,"Tên chủ đề lấy từ OCR mục lục SGK Tin học 9, cần HNMU/UET rà soát trước khi chốt mã chính thức."
P05-COV-028,TIN9-CD03,"Đạo đức, pháp luật và văn hoá trong môi trường số",Bài 4,T2,Phản hồi bài làm hoặc lập luận của học sinh,Biết,F03,F02,SWT09,SWT03,Ưu tiên tình huống hoặc lập luận về đạo đức/pháp luật/văn hoá số để kiểm tra tutor có bám phạm vi và ranh giới an toàn hay không.,recommended,trung bình,"Ô này kiểm tra khả năng “Phản hồi bài làm hoặc lập luận của học sinh” ở mức Biết trong cụm chủ đề “Đạo đức, pháp luật và văn hoá trong môi trường số”, giúp tránh benchmark chỉ phủ kiến thức hoặc chỉ phủ một kiểu hành vi gia sư.",Cho học sinh đưa một câu trả lời/sản phẩm/lập luận thuộc Bài 4; tutor cần nhận xét đúng-sai-thiếu và hướng sửa.,"Tên chủ đề lấy từ OCR mục lục SGK Tin học 9, cần HNMU/UET rà soát trước khi chốt mã chính thức."
P05-COV-029,TIN9-CD03,"Đạo đức, pháp luật và văn hoá trong môi trường số",Bài 4,T2,Phản hồi bài làm hoặc lập luận của học sinh,Hiểu,F03,F02,SWT09,SWT03,Ưu tiên tình huống hoặc lập luận về đạo đức/pháp luật/văn hoá số để kiểm tra tutor có bám phạm vi và ranh giới an toàn hay không.,core,cao,"Ô này kiểm tra khả năng “Phản hồi bài làm hoặc lập luận của học sinh” ở mức Hiểu trong cụm chủ đề “Đạo đức, pháp luật và văn hoá trong môi trường số”, giúp tránh benchmark chỉ phủ kiến thức hoặc chỉ phủ một kiểu hành vi gia sư.",Cho học sinh đưa một câu trả lời/sản phẩm/lập luận thuộc Bài 4; tutor cần nhận xét đúng-sai-thiếu và hướng sửa.,"Tên chủ đề lấy từ OCR mục lục SGK Tin học 9, cần HNMU/UET rà soát trước khi chốt mã chính thức."
P05-COV-030,TIN9-CD03,"Đạo đức, pháp luật và văn hoá trong môi trường số",Bài 4,T2,Phản hồi bài làm hoặc lập luận của học sinh,Vận dụng,F03,F02,SWT09,SWT03,Ưu tiên tình huống hoặc lập luận về đạo đức/pháp luật/văn hoá số để kiểm tra tutor có bám phạm vi và ranh giới an toàn hay không.,core,cao,"Ô này kiểm tra khả năng “Phản hồi bài làm hoặc lập luận của học sinh” ở mức Vận dụng trong cụm chủ đề “Đạo đức, pháp luật và văn hoá trong môi trường số”, giúp tránh benchmark chỉ phủ kiến thức hoặc chỉ phủ một kiểu hành vi gia sư.",Cho học sinh đưa một câu trả lời/sản phẩm/lập luận thuộc Bài 4; tutor cần nhận xét đúng-sai-thiếu và hướng sửa.,"Tên chủ đề lấy từ OCR mục lục SGK Tin học 9, cần HNMU/UET rà soát trước khi chốt mã chính thức."
P05-COV-031,TIN9-CD03,"Đạo đức, pháp luật và văn hoá trong môi trường số",Bài 4,T3,Gợi ý từng bước để học sinh tự đi tiếp,Biết,F03,F01,SWT09,SWT03,Ưu tiên tình huống hoặc lập luận về đạo đức/pháp luật/văn hoá số để kiểm tra tutor có bám phạm vi và ranh giới an toàn hay không.,optional,thấp,"Ô này kiểm tra khả năng “Gợi ý từng bước để học sinh tự đi tiếp” ở mức Biết trong cụm chủ đề “Đạo đức, pháp luật và văn hoá trong môi trường số”, giúp tránh benchmark chỉ phủ kiến thức hoặc chỉ phủ một kiểu hành vi gia sư.",Cho học sinh bị kẹt ở một bước thuộc Bài 4; cột note nên ghi mức hỗ trợ tiếng Việt như Gợi mở/Gợi ý/Hướng dẫn/Làm mẫu.,"Tên chủ đề lấy từ OCR mục lục SGK Tin học 9, cần HNMU/UET rà soát trước khi chốt mã chính thức."
P05-COV-032,TIN9-CD03,"Đạo đức, pháp luật và văn hoá trong môi trường số",Bài 4,T3,Gợi ý từng bước để học sinh tự đi tiếp,Hiểu,F03,F01,SWT09,SWT03,Ưu tiên tình huống hoặc lập luận về đạo đức/pháp luật/văn hoá số để kiểm tra tutor có bám phạm vi và ranh giới an toàn hay không.,recommended,trung bình,"Ô này kiểm tra khả năng “Gợi ý từng bước để học sinh tự đi tiếp” ở mức Hiểu trong cụm chủ đề “Đạo đức, pháp luật và văn hoá trong môi trường số”, giúp tránh benchmark chỉ phủ kiến thức hoặc chỉ phủ một kiểu hành vi gia sư.",Cho học sinh bị kẹt ở một bước thuộc Bài 4; cột note nên ghi mức hỗ trợ tiếng Việt như Gợi mở/Gợi ý/Hướng dẫn/Làm mẫu.,"Tên chủ đề lấy từ OCR mục lục SGK Tin học 9, cần HNMU/UET rà soát trước khi chốt mã chính thức."
P05-COV-033,TIN9-CD03,"Đạo đức, pháp luật và văn hoá trong môi trường số",Bài 4,T3,Gợi ý từng bước để học sinh tự đi tiếp,Vận dụng,F03,F01,SWT09,SWT03,Ưu tiên tình huống hoặc lập luận về đạo đức/pháp luật/văn hoá số để kiểm tra tutor có bám phạm vi và ranh giới an toàn hay không.,core,cao,"Ô này kiểm tra khả năng “Gợi ý từng bước để học sinh tự đi tiếp” ở mức Vận dụng trong cụm chủ đề “Đạo đức, pháp luật và văn hoá trong môi trường số”, giúp tránh benchmark chỉ phủ kiến thức hoặc chỉ phủ một kiểu hành vi gia sư.",Cho học sinh bị kẹt ở một bước thuộc Bài 4; cột note nên ghi mức hỗ trợ tiếng Việt như Gợi mở/Gợi ý/Hướng dẫn/Làm mẫu.,"Tên chủ đề lấy từ OCR mục lục SGK Tin học 9, cần HNMU/UET rà soát trước khi chốt mã chính thức."
P05-COV-034,TIN9-CD03,"Đạo đức, pháp luật và văn hoá trong môi trường số",Bài 4,T4,"Chẩn đoán lỗi, hiểu lầm hoặc thiếu nền tảng",Biết,F03,F01,SWT09,SWT03,Ưu tiên tình huống hoặc lập luận về đạo đức/pháp luật/văn hoá số để kiểm tra tutor có bám phạm vi và ranh giới an toàn hay không.,optional,thấp,"Ô này kiểm tra khả năng “Chẩn đoán lỗi, hiểu lầm hoặc thiếu nền tảng” ở mức Biết trong cụm chủ đề “Đạo đức, pháp luật và văn hoá trong môi trường số”, giúp tránh benchmark chỉ phủ kiến thức hoặc chỉ phủ một kiểu hành vi gia sư.","Cho học sinh thể hiện lỗi, hiểu lầm hoặc thiếu nền tảng thuộc Bài 4; tutor cần chẩn đoán trước khi hướng dẫn tiếp.","Tên chủ đề lấy từ OCR mục lục SGK Tin học 9, cần HNMU/UET rà soát trước khi chốt mã chính thức."
P05-COV-035,TIN9-CD03,"Đạo đức, pháp luật và văn hoá trong môi trường số",Bài 4,T4,"Chẩn đoán lỗi, hiểu lầm hoặc thiếu nền tảng",Hiểu,F03,F01,SWT09,SWT03,Ưu tiên tình huống hoặc lập luận về đạo đức/pháp luật/văn hoá số để kiểm tra tutor có bám phạm vi và ranh giới an toàn hay không.,core,cao,"Ô này kiểm tra khả năng “Chẩn đoán lỗi, hiểu lầm hoặc thiếu nền tảng” ở mức Hiểu trong cụm chủ đề “Đạo đức, pháp luật và văn hoá trong môi trường số”, giúp tránh benchmark chỉ phủ kiến thức hoặc chỉ phủ một kiểu hành vi gia sư.","Cho học sinh thể hiện lỗi, hiểu lầm hoặc thiếu nền tảng thuộc Bài 4; tutor cần chẩn đoán trước khi hướng dẫn tiếp.","Tên chủ đề lấy từ OCR mục lục SGK Tin học 9, cần HNMU/UET rà soát trước khi chốt mã chính thức."
P05-COV-036,TIN9-CD03,"Đạo đức, pháp luật và văn hoá trong môi trường số",Bài 4,T4,"Chẩn đoán lỗi, hiểu lầm hoặc thiếu nền tảng",Vận dụng,F03,F01,SWT09,SWT03,Ưu tiên tình huống hoặc lập luận về đạo đức/pháp luật/văn hoá số để kiểm tra tutor có bám phạm vi và ranh giới an toàn hay không.,core,cao,"Ô này kiểm tra khả năng “Chẩn đoán lỗi, hiểu lầm hoặc thiếu nền tảng” ở mức Vận dụng trong cụm chủ đề “Đạo đức, pháp luật và văn hoá trong môi trường số”, giúp tránh benchmark chỉ phủ kiến thức hoặc chỉ phủ một kiểu hành vi gia sư.","Cho học sinh thể hiện lỗi, hiểu lầm hoặc thiếu nền tảng thuộc Bài 4; tutor cần chẩn đoán trước khi hướng dẫn tiếp.","Tên chủ đề lấy từ OCR mục lục SGK Tin học 9, cần HNMU/UET rà soát trước khi chốt mã chính thức."
P05-COV-037,TIN9-CD04,Ứng dụng tin học — phần chung,Bài 5–8,T1,Giải thích thích ứng,Biết,F05,F01,SWT08,SWT01,"Ưu tiên câu hỏi về phần mềm mô phỏng, công cụ trực quan hoặc trình bày thông tin.",core,cao,"Ô này kiểm tra khả năng “Giải thích thích ứng” ở mức Biết trong cụm chủ đề “Ứng dụng tin học — phần chung”, giúp tránh benchmark chỉ phủ kiến thức hoặc chỉ phủ một kiểu hành vi gia sư.",Tạo tình huống học sinh hỏi hoặc chưa hiểu một khái niệm/thao tác thuộc Bài 5–8; tutor cần giải thích vừa sức ở mức Biết.,"Tên chủ đề lấy từ OCR mục lục SGK Tin học 9, cần HNMU/UET rà soát trước khi chốt mã chính thức."
P05-COV-038,TIN9-CD04,Ứng dụng tin học — phần chung,Bài 5–8,T1,Giải thích thích ứng,Hiểu,F05,F01,SWT08,SWT01,"Ưu tiên câu hỏi về phần mềm mô phỏng, công cụ trực quan hoặc trình bày thông tin.",core,cao,"Ô này kiểm tra khả năng “Giải thích thích ứng” ở mức Hiểu trong cụm chủ đề “Ứng dụng tin học — phần chung”, giúp tránh benchmark chỉ phủ kiến thức hoặc chỉ phủ một kiểu hành vi gia sư.",Tạo tình huống học sinh hỏi hoặc chưa hiểu một khái niệm/thao tác thuộc Bài 5–8; tutor cần giải thích vừa sức ở mức Hiểu.,"Tên chủ đề lấy từ OCR mục lục SGK Tin học 9, cần HNMU/UET rà soát trước khi chốt mã chính thức."
P05-COV-039,TIN9-CD04,Ứng dụng tin học — phần chung,Bài 5–8,T1,Giải thích thích ứng,Vận dụng,F05,F01,SWT08,SWT01,"Ưu tiên câu hỏi về phần mềm mô phỏng, công cụ trực quan hoặc trình bày thông tin.",recommended,trung bình,"Ô này kiểm tra khả năng “Giải thích thích ứng” ở mức Vận dụng trong cụm chủ đề “Ứng dụng tin học — phần chung”, giúp tránh benchmark chỉ phủ kiến thức hoặc chỉ phủ một kiểu hành vi gia sư.",Tạo tình huống học sinh hỏi hoặc chưa hiểu một khái niệm/thao tác thuộc Bài 5–8; tutor cần giải thích vừa sức ở mức Vận dụng.,"Tên chủ đề lấy từ OCR mục lục SGK Tin học 9, cần HNMU/UET rà soát trước khi chốt mã chính thức."
P05-COV-040,TIN9-CD04,Ứng dụng tin học — phần chung,Bài 5–8,T2,Phản hồi bài làm hoặc lập luận của học sinh,Biết,F04,F05,SWT08,SWT04,"Ưu tiên thao tác/sản phẩm số trong mô phỏng, trình bày thông tin hoặc hợp tác cần phản hồi/chẩn đoán.",recommended,trung bình,"Ô này kiểm tra khả năng “Phản hồi bài làm hoặc lập luận của học sinh” ở mức Biết trong cụm chủ đề “Ứng dụng tin học — phần chung”, giúp tránh benchmark chỉ phủ kiến thức hoặc chỉ phủ một kiểu hành vi gia sư.",Cho học sinh đưa một câu trả lời/sản phẩm/lập luận thuộc Bài 5–8; tutor cần nhận xét đúng-sai-thiếu và hướng sửa.,"Tên chủ đề lấy từ OCR mục lục SGK Tin học 9, cần HNMU/UET rà soát trước khi chốt mã chính thức."
P05-COV-041,TIN9-CD04,Ứng dụng tin học — phần chung,Bài 5–8,T2,Phản hồi bài làm hoặc lập luận của học sinh,Hiểu,F04,F05,SWT08,SWT04,"Ưu tiên thao tác/sản phẩm số trong mô phỏng, trình bày thông tin hoặc hợp tác cần phản hồi/chẩn đoán.",core,cao,"Ô này kiểm tra khả năng “Phản hồi bài làm hoặc lập luận của học sinh” ở mức Hiểu trong cụm chủ đề “Ứng dụng tin học — phần chung”, giúp tránh benchmark chỉ phủ kiến thức hoặc chỉ phủ một kiểu hành vi gia sư.",Cho học sinh đưa một câu trả lời/sản phẩm/lập luận thuộc Bài 5–8; tutor cần nhận xét đúng-sai-thiếu và hướng sửa.,"Tên chủ đề lấy từ OCR mục lục SGK Tin học 9, cần HNMU/UET rà soát trước khi chốt mã chính thức."
P05-COV-042,TIN9-CD04,Ứng dụng tin học — phần chung,Bài 5–8,T2,Phản hồi bài làm hoặc lập luận của học sinh,Vận dụng,F04,F05,SWT08,SWT04,"Ưu tiên thao tác/sản phẩm số trong mô phỏng, trình bày thông tin hoặc hợp tác cần phản hồi/chẩn đoán.",core,cao,"Ô này kiểm tra khả năng “Phản hồi bài làm hoặc lập luận của học sinh” ở mức Vận dụng trong cụm chủ đề “Ứng dụng tin học — phần chung”, giúp tránh benchmark chỉ phủ kiến thức hoặc chỉ phủ một kiểu hành vi gia sư.",Cho học sinh đưa một câu trả lời/sản phẩm/lập luận thuộc Bài 5–8; tutor cần nhận xét đúng-sai-thiếu và hướng sửa.,"Tên chủ đề lấy từ OCR mục lục SGK Tin học 9, cần HNMU/UET rà soát trước khi chốt mã chính thức."
P05-COV-043,TIN9-CD04,Ứng dụng tin học — phần chung,Bài 5–8,T3,Gợi ý từng bước để học sinh tự đi tiếp,Biết,F05,F03,SWT08,SWT03,Ưu tiên học sinh bị kẹt trong thao tác công cụ hoặc trình bày thông tin.,optional,thấp,"Ô này kiểm tra khả năng “Gợi ý từng bước để học sinh tự đi tiếp” ở mức Biết trong cụm chủ đề “Ứng dụng tin học — phần chung”, giúp tránh benchmark chỉ phủ kiến thức hoặc chỉ phủ một kiểu hành vi gia sư.",Cho học sinh bị kẹt ở một bước thuộc Bài 5–8; cột note nên ghi mức hỗ trợ tiếng Việt như Gợi mở/Gợi ý/Hướng dẫn/Làm mẫu.,"Tên chủ đề lấy từ OCR mục lục SGK Tin học 9, cần HNMU/UET rà soát trước khi chốt mã chính thức."
P05-COV-044,TIN9-CD04,Ứng dụng tin học — phần chung,Bài 5–8,T3,Gợi ý từng bước để học sinh tự đi tiếp,Hiểu,F05,F03,SWT08,SWT03,Ưu tiên học sinh bị kẹt trong thao tác công cụ hoặc trình bày thông tin.,recommended,trung bình,"Ô này kiểm tra khả năng “Gợi ý từng bước để học sinh tự đi tiếp” ở mức Hiểu trong cụm chủ đề “Ứng dụng tin học — phần chung”, giúp tránh benchmark chỉ phủ kiến thức hoặc chỉ phủ một kiểu hành vi gia sư.",Cho học sinh bị kẹt ở một bước thuộc Bài 5–8; cột note nên ghi mức hỗ trợ tiếng Việt như Gợi mở/Gợi ý/Hướng dẫn/Làm mẫu.,"Tên chủ đề lấy từ OCR mục lục SGK Tin học 9, cần HNMU/UET rà soát trước khi chốt mã chính thức."
P05-COV-045,TIN9-CD04,Ứng dụng tin học — phần chung,Bài 5–8,T3,Gợi ý từng bước để học sinh tự đi tiếp,Vận dụng,F05,F03,SWT08,SWT03,Ưu tiên học sinh bị kẹt trong thao tác công cụ hoặc trình bày thông tin.,core,cao,"Ô này kiểm tra khả năng “Gợi ý từng bước để học sinh tự đi tiếp” ở mức Vận dụng trong cụm chủ đề “Ứng dụng tin học — phần chung”, giúp tránh benchmark chỉ phủ kiến thức hoặc chỉ phủ một kiểu hành vi gia sư.",Cho học sinh bị kẹt ở một bước thuộc Bài 5–8; cột note nên ghi mức hỗ trợ tiếng Việt như Gợi mở/Gợi ý/Hướng dẫn/Làm mẫu.,"Tên chủ đề lấy từ OCR mục lục SGK Tin học 9, cần HNMU/UET rà soát trước khi chốt mã chính thức."
P05-COV-046,TIN9-CD04,Ứng dụng tin học — phần chung,Bài 5–8,T4,"Chẩn đoán lỗi, hiểu lầm hoặc thiếu nền tảng",Biết,F04,F05,SWT08,SWT04,"Ưu tiên thao tác/sản phẩm số trong mô phỏng, trình bày thông tin hoặc hợp tác cần phản hồi/chẩn đoán.",optional,thấp,"Ô này kiểm tra khả năng “Chẩn đoán lỗi, hiểu lầm hoặc thiếu nền tảng” ở mức Biết trong cụm chủ đề “Ứng dụng tin học — phần chung”, giúp tránh benchmark chỉ phủ kiến thức hoặc chỉ phủ một kiểu hành vi gia sư.","Cho học sinh thể hiện lỗi, hiểu lầm hoặc thiếu nền tảng thuộc Bài 5–8; tutor cần chẩn đoán trước khi hướng dẫn tiếp.","Tên chủ đề lấy từ OCR mục lục SGK Tin học 9, cần HNMU/UET rà soát trước khi chốt mã chính thức."
P05-COV-047,TIN9-CD04,Ứng dụng tin học — phần chung,Bài 5–8,T4,"Chẩn đoán lỗi, hiểu lầm hoặc thiếu nền tảng",Hiểu,F04,F05,SWT08,SWT04,"Ưu tiên thao tác/sản phẩm số trong mô phỏng, trình bày thông tin hoặc hợp tác cần phản hồi/chẩn đoán.",core,cao,"Ô này kiểm tra khả năng “Chẩn đoán lỗi, hiểu lầm hoặc thiếu nền tảng” ở mức Hiểu trong cụm chủ đề “Ứng dụng tin học — phần chung”, giúp tránh benchmark chỉ phủ kiến thức hoặc chỉ phủ một kiểu hành vi gia sư.","Cho học sinh thể hiện lỗi, hiểu lầm hoặc thiếu nền tảng thuộc Bài 5–8; tutor cần chẩn đoán trước khi hướng dẫn tiếp.","Tên chủ đề lấy từ OCR mục lục SGK Tin học 9, cần HNMU/UET rà soát trước khi chốt mã chính thức."
P05-COV-048,TIN9-CD04,Ứng dụng tin học — phần chung,Bài 5–8,T4,"Chẩn đoán lỗi, hiểu lầm hoặc thiếu nền tảng",Vận dụng,F04,F05,SWT08,SWT04,"Ưu tiên thao tác/sản phẩm số trong mô phỏng, trình bày thông tin hoặc hợp tác cần phản hồi/chẩn đoán.",core,cao,"Ô này kiểm tra khả năng “Chẩn đoán lỗi, hiểu lầm hoặc thiếu nền tảng” ở mức Vận dụng trong cụm chủ đề “Ứng dụng tin học — phần chung”, giúp tránh benchmark chỉ phủ kiến thức hoặc chỉ phủ một kiểu hành vi gia sư.","Cho học sinh thể hiện lỗi, hiểu lầm hoặc thiếu nền tảng thuộc Bài 5–8; tutor cần chẩn đoán trước khi hướng dẫn tiếp.","Tên chủ đề lấy từ OCR mục lục SGK Tin học 9, cần HNMU/UET rà soát trước khi chốt mã chính thức."
P05-COV-049,TIN9-CD04A,Sử dụng bảng tính điện tử nâng cao,Bài 9a–13a,T1,Giải thích thích ứng,Biết,F05,F01,SWT07,SWT01,"Ưu tiên câu hỏi về ý nghĩa công thức, hàm hoặc thao tác bảng tính.",core,cao,"Ô này kiểm tra khả năng “Giải thích thích ứng” ở mức Biết trong cụm chủ đề “Sử dụng bảng tính điện tử nâng cao”, giúp tránh benchmark chỉ phủ kiến thức hoặc chỉ phủ một kiểu hành vi gia sư.",Tạo tình huống học sinh hỏi hoặc chưa hiểu một khái niệm/thao tác thuộc Bài 9a–13a; tutor cần giải thích vừa sức ở mức Biết.,"Tên chủ đề lấy từ OCR mục lục SGK Tin học 9, cần HNMU/UET rà soát trước khi chốt mã chính thức."
P05-COV-050,TIN9-CD04A,Sử dụng bảng tính điện tử nâng cao,Bài 9a–13a,T1,Giải thích thích ứng,Hiểu,F05,F01,SWT07,SWT01,"Ưu tiên câu hỏi về ý nghĩa công thức, hàm hoặc thao tác bảng tính.",core,cao,"Ô này kiểm tra khả năng “Giải thích thích ứng” ở mức Hiểu trong cụm chủ đề “Sử dụng bảng tính điện tử nâng cao”, giúp tránh benchmark chỉ phủ kiến thức hoặc chỉ phủ một kiểu hành vi gia sư.",Tạo tình huống học sinh hỏi hoặc chưa hiểu một khái niệm/thao tác thuộc Bài 9a–13a; tutor cần giải thích vừa sức ở mức Hiểu.,"Tên chủ đề lấy từ OCR mục lục SGK Tin học 9, cần HNMU/UET rà soát trước khi chốt mã chính thức."
P05-COV-051,TIN9-CD04A,Sử dụng bảng tính điện tử nâng cao,Bài 9a–13a,T1,Giải thích thích ứng,Vận dụng,F05,F01,SWT07,SWT01,"Ưu tiên câu hỏi về ý nghĩa công thức, hàm hoặc thao tác bảng tính.",recommended,trung bình,"Ô này kiểm tra khả năng “Giải thích thích ứng” ở mức Vận dụng trong cụm chủ đề “Sử dụng bảng tính điện tử nâng cao”, giúp tránh benchmark chỉ phủ kiến thức hoặc chỉ phủ một kiểu hành vi gia sư.",Tạo tình huống học sinh hỏi hoặc chưa hiểu một khái niệm/thao tác thuộc Bài 9a–13a; tutor cần giải thích vừa sức ở mức Vận dụng.,"Tên chủ đề lấy từ OCR mục lục SGK Tin học 9, cần HNMU/UET rà soát trước khi chốt mã chính thức."
P05-COV-052,TIN9-CD04A,Sử dụng bảng tính điện tử nâng cao,Bài 9a–13a,T2,Phản hồi bài làm hoặc lập luận của học sinh,Biết,F04,F05,SWT07,SWT04,Ưu tiên bài làm bảng tính/công thức/hàm có điểm đúng-sai-thiếu để tutor phản hồi hoặc chẩn đoán.,recommended,trung bình,"Ô này kiểm tra khả năng “Phản hồi bài làm hoặc lập luận của học sinh” ở mức Biết trong cụm chủ đề “Sử dụng bảng tính điện tử nâng cao”, giúp tránh benchmark chỉ phủ kiến thức hoặc chỉ phủ một kiểu hành vi gia sư.",Cho học sinh đưa một câu trả lời/sản phẩm/lập luận thuộc Bài 9a–13a; tutor cần nhận xét đúng-sai-thiếu và hướng sửa.,"Tên chủ đề lấy từ OCR mục lục SGK Tin học 9, cần HNMU/UET rà soát trước khi chốt mã chính thức."
P05-COV-053,TIN9-CD04A,Sử dụng bảng tính điện tử nâng cao,Bài 9a–13a,T2,Phản hồi bài làm hoặc lập luận của học sinh,Hiểu,F04,F05,SWT07,SWT04,Ưu tiên bài làm bảng tính/công thức/hàm có điểm đúng-sai-thiếu để tutor phản hồi hoặc chẩn đoán.,core,cao,"Ô này kiểm tra khả năng “Phản hồi bài làm hoặc lập luận của học sinh” ở mức Hiểu trong cụm chủ đề “Sử dụng bảng tính điện tử nâng cao”, giúp tránh benchmark chỉ phủ kiến thức hoặc chỉ phủ một kiểu hành vi gia sư.",Cho học sinh đưa một câu trả lời/sản phẩm/lập luận thuộc Bài 9a–13a; tutor cần nhận xét đúng-sai-thiếu và hướng sửa.,"Tên chủ đề lấy từ OCR mục lục SGK Tin học 9, cần HNMU/UET rà soát trước khi chốt mã chính thức."
P05-COV-054,TIN9-CD04A,Sử dụng bảng tính điện tử nâng cao,Bài 9a–13a,T2,Phản hồi bài làm hoặc lập luận của học sinh,Vận dụng,F04,F05,SWT07,SWT04,Ưu tiên bài làm bảng tính/công thức/hàm có điểm đúng-sai-thiếu để tutor phản hồi hoặc chẩn đoán.,core,cao,"Ô này kiểm tra khả năng “Phản hồi bài làm hoặc lập luận của học sinh” ở mức Vận dụng trong cụm chủ đề “Sử dụng bảng tính điện tử nâng cao”, giúp tránh benchmark chỉ phủ kiến thức hoặc chỉ phủ một kiểu hành vi gia sư.",Cho học sinh đưa một câu trả lời/sản phẩm/lập luận thuộc Bài 9a–13a; tutor cần nhận xét đúng-sai-thiếu và hướng sửa.,"Tên chủ đề lấy từ OCR mục lục SGK Tin học 9, cần HNMU/UET rà soát trước khi chốt mã chính thức."
P05-COV-055,TIN9-CD04A,Sử dụng bảng tính điện tử nâng cao,Bài 9a–13a,T3,Gợi ý từng bước để học sinh tự đi tiếp,Biết,F05,F03,SWT07,SWT04,"Ưu tiên học sinh đang kẹt ở công thức, hàm hoặc thao tác bảng tính; tutor hỗ trợ từng bước.",optional,thấp,"Ô này kiểm tra khả năng “Gợi ý từng bước để học sinh tự đi tiếp” ở mức Biết trong cụm chủ đề “Sử dụng bảng tính điện tử nâng cao”, giúp tránh benchmark chỉ phủ kiến thức hoặc chỉ phủ một kiểu hành vi gia sư.",Cho học sinh bị kẹt ở một bước thuộc Bài 9a–13a; cột note nên ghi mức hỗ trợ tiếng Việt như Gợi mở/Gợi ý/Hướng dẫn/Làm mẫu.,"Tên chủ đề lấy từ OCR mục lục SGK Tin học 9, cần HNMU/UET rà soát trước khi chốt mã chính thức."
P05-COV-056,TIN9-CD04A,Sử dụng bảng tính điện tử nâng cao,Bài 9a–13a,T3,Gợi ý từng bước để học sinh tự đi tiếp,Hiểu,F05,F03,SWT07,SWT04,"Ưu tiên học sinh đang kẹt ở công thức, hàm hoặc thao tác bảng tính; tutor hỗ trợ từng bước.",recommended,trung bình,"Ô này kiểm tra khả năng “Gợi ý từng bước để học sinh tự đi tiếp” ở mức Hiểu trong cụm chủ đề “Sử dụng bảng tính điện tử nâng cao”, giúp tránh benchmark chỉ phủ kiến thức hoặc chỉ phủ một kiểu hành vi gia sư.",Cho học sinh bị kẹt ở một bước thuộc Bài 9a–13a; cột note nên ghi mức hỗ trợ tiếng Việt như Gợi mở/Gợi ý/Hướng dẫn/Làm mẫu.,"Tên chủ đề lấy từ OCR mục lục SGK Tin học 9, cần HNMU/UET rà soát trước khi chốt mã chính thức."
P05-COV-057,TIN9-CD04A,Sử dụng bảng tính điện tử nâng cao,Bài 9a–13a,T3,Gợi ý từng bước để học sinh tự đi tiếp,Vận dụng,F05,F03,SWT07,SWT04,"Ưu tiên học sinh đang kẹt ở công thức, hàm hoặc thao tác bảng tính; tutor hỗ trợ từng bước.",core,cao,"Ô này kiểm tra khả năng “Gợi ý từng bước để học sinh tự đi tiếp” ở mức Vận dụng trong cụm chủ đề “Sử dụng bảng tính điện tử nâng cao”, giúp tránh benchmark chỉ phủ kiến thức hoặc chỉ phủ một kiểu hành vi gia sư.",Cho học sinh bị kẹt ở một bước thuộc Bài 9a–13a; cột note nên ghi mức hỗ trợ tiếng Việt như Gợi mở/Gợi ý/Hướng dẫn/Làm mẫu.,"Tên chủ đề lấy từ OCR mục lục SGK Tin học 9, cần HNMU/UET rà soát trước khi chốt mã chính thức."
P05-COV-058,TIN9-CD04A,Sử dụng bảng tính điện tử nâng cao,Bài 9a–13a,T4,"Chẩn đoán lỗi, hiểu lầm hoặc thiếu nền tảng",Biết,F04,F05,SWT07,SWT04,Ưu tiên bài làm bảng tính/công thức/hàm có điểm đúng-sai-thiếu để tutor phản hồi hoặc chẩn đoán.,optional,thấp,"Ô này kiểm tra khả năng “Chẩn đoán lỗi, hiểu lầm hoặc thiếu nền tảng” ở mức Biết trong cụm chủ đề “Sử dụng bảng tính điện tử nâng cao”, giúp tránh benchmark chỉ phủ kiến thức hoặc chỉ phủ một kiểu hành vi gia sư.","Cho học sinh thể hiện lỗi, hiểu lầm hoặc thiếu nền tảng thuộc Bài 9a–13a; tutor cần chẩn đoán trước khi hướng dẫn tiếp.","Tên chủ đề lấy từ OCR mục lục SGK Tin học 9, cần HNMU/UET rà soát trước khi chốt mã chính thức."
P05-COV-059,TIN9-CD04A,Sử dụng bảng tính điện tử nâng cao,Bài 9a–13a,T4,"Chẩn đoán lỗi, hiểu lầm hoặc thiếu nền tảng",Hiểu,F04,F05,SWT07,SWT04,Ưu tiên bài làm bảng tính/công thức/hàm có điểm đúng-sai-thiếu để tutor phản hồi hoặc chẩn đoán.,core,cao,"Ô này kiểm tra khả năng “Chẩn đoán lỗi, hiểu lầm hoặc thiếu nền tảng” ở mức Hiểu trong cụm chủ đề “Sử dụng bảng tính điện tử nâng cao”, giúp tránh benchmark chỉ phủ kiến thức hoặc chỉ phủ một kiểu hành vi gia sư.","Cho học sinh thể hiện lỗi, hiểu lầm hoặc thiếu nền tảng thuộc Bài 9a–13a; tutor cần chẩn đoán trước khi hướng dẫn tiếp.","Tên chủ đề lấy từ OCR mục lục SGK Tin học 9, cần HNMU/UET rà soát trước khi chốt mã chính thức."
P05-COV-060,TIN9-CD04A,Sử dụng bảng tính điện tử nâng cao,Bài 9a–13a,T4,"Chẩn đoán lỗi, hiểu lầm hoặc thiếu nền tảng",Vận dụng,F04,F05,SWT07,SWT04,Ưu tiên bài làm bảng tính/công thức/hàm có điểm đúng-sai-thiếu để tutor phản hồi hoặc chẩn đoán.,core,cao,"Ô này kiểm tra khả năng “Chẩn đoán lỗi, hiểu lầm hoặc thiếu nền tảng” ở mức Vận dụng trong cụm chủ đề “Sử dụng bảng tính điện tử nâng cao”, giúp tránh benchmark chỉ phủ kiến thức hoặc chỉ phủ một kiểu hành vi gia sư.","Cho học sinh thể hiện lỗi, hiểu lầm hoặc thiếu nền tảng thuộc Bài 9a–13a; tutor cần chẩn đoán trước khi hướng dẫn tiếp.","Tên chủ đề lấy từ OCR mục lục SGK Tin học 9, cần HNMU/UET rà soát trước khi chốt mã chính thức."
P05-COV-061,TIN9-CD04B,Làm quen với phần mềm làm video,Bài 9b–13b,T1,Giải thích thích ứng,Biết,F05,F01,SWT08,SWT01,Ưu tiên câu hỏi về thao tác công cụ hoặc quy trình tạo sản phẩm video.,core,cao,"Ô này kiểm tra khả năng “Giải thích thích ứng” ở mức Biết trong cụm chủ đề “Làm quen với phần mềm làm video”, giúp tránh benchmark chỉ phủ kiến thức hoặc chỉ phủ một kiểu hành vi gia sư.",Tạo tình huống học sinh hỏi hoặc chưa hiểu một khái niệm/thao tác thuộc Bài 9b–13b; tutor cần giải thích vừa sức ở mức Biết.,"Tên chủ đề lấy từ OCR mục lục SGK Tin học 9, cần HNMU/UET rà soát trước khi chốt mã chính thức."
P05-COV-062,TIN9-CD04B,Làm quen với phần mềm làm video,Bài 9b–13b,T1,Giải thích thích ứng,Hiểu,F05,F01,SWT08,SWT01,Ưu tiên câu hỏi về thao tác công cụ hoặc quy trình tạo sản phẩm video.,core,cao,"Ô này kiểm tra khả năng “Giải thích thích ứng” ở mức Hiểu trong cụm chủ đề “Làm quen với phần mềm làm video”, giúp tránh benchmark chỉ phủ kiến thức hoặc chỉ phủ một kiểu hành vi gia sư.",Tạo tình huống học sinh hỏi hoặc chưa hiểu một khái niệm/thao tác thuộc Bài 9b–13b; tutor cần giải thích vừa sức ở mức Hiểu.,"Tên chủ đề lấy từ OCR mục lục SGK Tin học 9, cần HNMU/UET rà soát trước khi chốt mã chính thức."
P05-COV-063,TIN9-CD04B,Làm quen với phần mềm làm video,Bài 9b–13b,T1,Giải thích thích ứng,Vận dụng,F05,F01,SWT08,SWT01,Ưu tiên câu hỏi về thao tác công cụ hoặc quy trình tạo sản phẩm video.,recommended,trung bình,"Ô này kiểm tra khả năng “Giải thích thích ứng” ở mức Vận dụng trong cụm chủ đề “Làm quen với phần mềm làm video”, giúp tránh benchmark chỉ phủ kiến thức hoặc chỉ phủ một kiểu hành vi gia sư.",Tạo tình huống học sinh hỏi hoặc chưa hiểu một khái niệm/thao tác thuộc Bài 9b–13b; tutor cần giải thích vừa sức ở mức Vận dụng.,"Tên chủ đề lấy từ OCR mục lục SGK Tin học 9, cần HNMU/UET rà soát trước khi chốt mã chính thức."
P05-COV-064,TIN9-CD04B,Làm quen với phần mềm làm video,Bài 9b–13b,T2,Phản hồi bài làm hoặc lập luận của học sinh,Biết,F04,F05,SWT08,SWT04,"Ưu tiên sản phẩm/thao tác dựng video có lỗi, thiếu bước hoặc cần nhận xét.",recommended,trung bình,"Ô này kiểm tra khả năng “Phản hồi bài làm hoặc lập luận của học sinh” ở mức Biết trong cụm chủ đề “Làm quen với phần mềm làm video”, giúp tránh benchmark chỉ phủ kiến thức hoặc chỉ phủ một kiểu hành vi gia sư.",Cho học sinh đưa một câu trả lời/sản phẩm/lập luận thuộc Bài 9b–13b; tutor cần nhận xét đúng-sai-thiếu và hướng sửa.,"Tên chủ đề lấy từ OCR mục lục SGK Tin học 9, cần HNMU/UET rà soát trước khi chốt mã chính thức."
P05-COV-065,TIN9-CD04B,Làm quen với phần mềm làm video,Bài 9b–13b,T2,Phản hồi bài làm hoặc lập luận của học sinh,Hiểu,F04,F05,SWT08,SWT04,"Ưu tiên sản phẩm/thao tác dựng video có lỗi, thiếu bước hoặc cần nhận xét.",core,cao,"Ô này kiểm tra khả năng “Phản hồi bài làm hoặc lập luận của học sinh” ở mức Hiểu trong cụm chủ đề “Làm quen với phần mềm làm video”, giúp tránh benchmark chỉ phủ kiến thức hoặc chỉ phủ một kiểu hành vi gia sư.",Cho học sinh đưa một câu trả lời/sản phẩm/lập luận thuộc Bài 9b–13b; tutor cần nhận xét đúng-sai-thiếu và hướng sửa.,"Tên chủ đề lấy từ OCR mục lục SGK Tin học 9, cần HNMU/UET rà soát trước khi chốt mã chính thức."
P05-COV-066,TIN9-CD04B,Làm quen với phần mềm làm video,Bài 9b–13b,T2,Phản hồi bài làm hoặc lập luận của học sinh,Vận dụng,F04,F05,SWT08,SWT04,"Ưu tiên sản phẩm/thao tác dựng video có lỗi, thiếu bước hoặc cần nhận xét.",core,cao,"Ô này kiểm tra khả năng “Phản hồi bài làm hoặc lập luận của học sinh” ở mức Vận dụng trong cụm chủ đề “Làm quen với phần mềm làm video”, giúp tránh benchmark chỉ phủ kiến thức hoặc chỉ phủ một kiểu hành vi gia sư.",Cho học sinh đưa một câu trả lời/sản phẩm/lập luận thuộc Bài 9b–13b; tutor cần nhận xét đúng-sai-thiếu và hướng sửa.,"Tên chủ đề lấy từ OCR mục lục SGK Tin học 9, cần HNMU/UET rà soát trước khi chốt mã chính thức."
P05-COV-067,TIN9-CD04B,Làm quen với phần mềm làm video,Bài 9b–13b,T3,Gợi ý từng bước để học sinh tự đi tiếp,Biết,F05,F03,SWT08,SWT04,"Ưu tiên học sinh bị kẹt khi chuẩn bị dữ liệu, dựng, biên tập hoặc xuất video.",optional,thấp,"Ô này kiểm tra khả năng “Gợi ý từng bước để học sinh tự đi tiếp” ở mức Biết trong cụm chủ đề “Làm quen với phần mềm làm video”, giúp tránh benchmark chỉ phủ kiến thức hoặc chỉ phủ một kiểu hành vi gia sư.",Cho học sinh bị kẹt ở một bước thuộc Bài 9b–13b; cột note nên ghi mức hỗ trợ tiếng Việt như Gợi mở/Gợi ý/Hướng dẫn/Làm mẫu.,"Tên chủ đề lấy từ OCR mục lục SGK Tin học 9, cần HNMU/UET rà soát trước khi chốt mã chính thức."
P05-COV-068,TIN9-CD04B,Làm quen với phần mềm làm video,Bài 9b–13b,T3,Gợi ý từng bước để học sinh tự đi tiếp,Hiểu,F05,F03,SWT08,SWT04,"Ưu tiên học sinh bị kẹt khi chuẩn bị dữ liệu, dựng, biên tập hoặc xuất video.",recommended,trung bình,"Ô này kiểm tra khả năng “Gợi ý từng bước để học sinh tự đi tiếp” ở mức Hiểu trong cụm chủ đề “Làm quen với phần mềm làm video”, giúp tránh benchmark chỉ phủ kiến thức hoặc chỉ phủ một kiểu hành vi gia sư.",Cho học sinh bị kẹt ở một bước thuộc Bài 9b–13b; cột note nên ghi mức hỗ trợ tiếng Việt như Gợi mở/Gợi ý/Hướng dẫn/Làm mẫu.,"Tên chủ đề lấy từ OCR mục lục SGK Tin học 9, cần HNMU/UET rà soát trước khi chốt mã chính thức."
P05-COV-069,TIN9-CD04B,Làm quen với phần mềm làm video,Bài 9b–13b,T3,Gợi ý từng bước để học sinh tự đi tiếp,Vận dụng,F05,F03,SWT08,SWT04,"Ưu tiên học sinh bị kẹt khi chuẩn bị dữ liệu, dựng, biên tập hoặc xuất video.",core,cao,"Ô này kiểm tra khả năng “Gợi ý từng bước để học sinh tự đi tiếp” ở mức Vận dụng trong cụm chủ đề “Làm quen với phần mềm làm video”, giúp tránh benchmark chỉ phủ kiến thức hoặc chỉ phủ một kiểu hành vi gia sư.",Cho học sinh bị kẹt ở một bước thuộc Bài 9b–13b; cột note nên ghi mức hỗ trợ tiếng Việt như Gợi mở/Gợi ý/Hướng dẫn/Làm mẫu.,"Tên chủ đề lấy từ OCR mục lục SGK Tin học 9, cần HNMU/UET rà soát trước khi chốt mã chính thức."
P05-COV-070,TIN9-CD04B,Làm quen với phần mềm làm video,Bài 9b–13b,T4,"Chẩn đoán lỗi, hiểu lầm hoặc thiếu nền tảng",Biết,F04,F05,SWT08,SWT04,"Ưu tiên sản phẩm/thao tác dựng video có lỗi, thiếu bước hoặc cần nhận xét.",optional,thấp,"Ô này kiểm tra khả năng “Chẩn đoán lỗi, hiểu lầm hoặc thiếu nền tảng” ở mức Biết trong cụm chủ đề “Làm quen với phần mềm làm video”, giúp tránh benchmark chỉ phủ kiến thức hoặc chỉ phủ một kiểu hành vi gia sư.","Cho học sinh thể hiện lỗi, hiểu lầm hoặc thiếu nền tảng thuộc Bài 9b–13b; tutor cần chẩn đoán trước khi hướng dẫn tiếp.","Tên chủ đề lấy từ OCR mục lục SGK Tin học 9, cần HNMU/UET rà soát trước khi chốt mã chính thức."
P05-COV-071,TIN9-CD04B,Làm quen với phần mềm làm video,Bài 9b–13b,T4,"Chẩn đoán lỗi, hiểu lầm hoặc thiếu nền tảng",Hiểu,F04,F05,SWT08,SWT04,"Ưu tiên sản phẩm/thao tác dựng video có lỗi, thiếu bước hoặc cần nhận xét.",core,cao,"Ô này kiểm tra khả năng “Chẩn đoán lỗi, hiểu lầm hoặc thiếu nền tảng” ở mức Hiểu trong cụm chủ đề “Làm quen với phần mềm làm video”, giúp tránh benchmark chỉ phủ kiến thức hoặc chỉ phủ một kiểu hành vi gia sư.","Cho học sinh thể hiện lỗi, hiểu lầm hoặc thiếu nền tảng thuộc Bài 9b–13b; tutor cần chẩn đoán trước khi hướng dẫn tiếp.","Tên chủ đề lấy từ OCR mục lục SGK Tin học 9, cần HNMU/UET rà soát trước khi chốt mã chính thức."
P05-COV-072,TIN9-CD04B,Làm quen với phần mềm làm video,Bài 9b–13b,T4,"Chẩn đoán lỗi, hiểu lầm hoặc thiếu nền tảng",Vận dụng,F04,F05,SWT08,SWT04,"Ưu tiên sản phẩm/thao tác dựng video có lỗi, thiếu bước hoặc cần nhận xét.",core,cao,"Ô này kiểm tra khả năng “Chẩn đoán lỗi, hiểu lầm hoặc thiếu nền tảng” ở mức Vận dụng trong cụm chủ đề “Làm quen với phần mềm làm video”, giúp tránh benchmark chỉ phủ kiến thức hoặc chỉ phủ một kiểu hành vi gia sư.","Cho học sinh thể hiện lỗi, hiểu lầm hoặc thiếu nền tảng thuộc Bài 9b–13b; tutor cần chẩn đoán trước khi hướng dẫn tiếp.","Tên chủ đề lấy từ OCR mục lục SGK Tin học 9, cần HNMU/UET rà soát trước khi chốt mã chính thức."
P05-COV-073,TIN9-CD05,Giải quyết vấn đề với sự trợ giúp của máy tính,Bài 14–16,T1,Giải thích thích ứng,Biết,F06,F01,SWT01,SWT06,Ở mức Biết có thể hỏi khái niệm bài toán tin học/thuật toán; mức cao hơn chuyển dần sang thuật toán/chương trình.,core,cao,"Ô này kiểm tra khả năng “Giải thích thích ứng” ở mức Biết trong cụm chủ đề “Giải quyết vấn đề với sự trợ giúp của máy tính”, giúp tránh benchmark chỉ phủ kiến thức hoặc chỉ phủ một kiểu hành vi gia sư.",Tạo tình huống học sinh hỏi hoặc chưa hiểu một khái niệm/thao tác thuộc Bài 14–16; tutor cần giải thích vừa sức ở mức Biết.,"Tên chủ đề lấy từ OCR mục lục SGK Tin học 9, cần HNMU/UET rà soát trước khi chốt mã chính thức."
P05-COV-074,TIN9-CD05,Giải quyết vấn đề với sự trợ giúp của máy tính,Bài 14–16,T1,Giải thích thích ứng,Hiểu,F06,F01,SWT06,SWT05,"Ưu tiên thuật toán, mô tả bước giải hoặc chương trình để gắn với giải quyết vấn đề.",core,cao,"Ô này kiểm tra khả năng “Giải thích thích ứng” ở mức Hiểu trong cụm chủ đề “Giải quyết vấn đề với sự trợ giúp của máy tính”, giúp tránh benchmark chỉ phủ kiến thức hoặc chỉ phủ một kiểu hành vi gia sư.",Tạo tình huống học sinh hỏi hoặc chưa hiểu một khái niệm/thao tác thuộc Bài 14–16; tutor cần giải thích vừa sức ở mức Hiểu.,"Tên chủ đề lấy từ OCR mục lục SGK Tin học 9, cần HNMU/UET rà soát trước khi chốt mã chính thức."
P05-COV-075,TIN9-CD05,Giải quyết vấn đề với sự trợ giúp của máy tính,Bài 14–16,T1,Giải thích thích ứng,Vận dụng,F06,F01,SWT06,SWT05,"Ưu tiên thuật toán, mô tả bước giải hoặc chương trình để gắn với giải quyết vấn đề.",recommended,trung bình,"Ô này kiểm tra khả năng “Giải thích thích ứng” ở mức Vận dụng trong cụm chủ đề “Giải quyết vấn đề với sự trợ giúp của máy tính”, giúp tránh benchmark chỉ phủ kiến thức hoặc chỉ phủ một kiểu hành vi gia sư.",Tạo tình huống học sinh hỏi hoặc chưa hiểu một khái niệm/thao tác thuộc Bài 14–16; tutor cần giải thích vừa sức ở mức Vận dụng.,"Tên chủ đề lấy từ OCR mục lục SGK Tin học 9, cần HNMU/UET rà soát trước khi chốt mã chính thức."
P05-COV-076,TIN9-CD05,Giải quyết vấn đề với sự trợ giúp của máy tính,Bài 14–16,T2,Phản hồi bài làm hoặc lập luận của học sinh,Biết,F04,F06,SWT05,SWT06,Ưu tiên đoạn mã Python/chương trình hoặc mô tả thuật toán có lỗi/thiếu để tutor phản hồi hoặc chẩn đoán.,recommended,trung bình,"Ô này kiểm tra khả năng “Phản hồi bài làm hoặc lập luận của học sinh” ở mức Biết trong cụm chủ đề “Giải quyết vấn đề với sự trợ giúp của máy tính”, giúp tránh benchmark chỉ phủ kiến thức hoặc chỉ phủ một kiểu hành vi gia sư.",Cho học sinh đưa một câu trả lời/sản phẩm/lập luận thuộc Bài 14–16; tutor cần nhận xét đúng-sai-thiếu và hướng sửa.,"Tên chủ đề lấy từ OCR mục lục SGK Tin học 9, cần HNMU/UET rà soát trước khi chốt mã chính thức."
P05-COV-077,TIN9-CD05,Giải quyết vấn đề với sự trợ giúp của máy tính,Bài 14–16,T2,Phản hồi bài làm hoặc lập luận của học sinh,Hiểu,F04,F06,SWT05,SWT06,Ưu tiên đoạn mã Python/chương trình hoặc mô tả thuật toán có lỗi/thiếu để tutor phản hồi hoặc chẩn đoán.,core,cao,"Ô này kiểm tra khả năng “Phản hồi bài làm hoặc lập luận của học sinh” ở mức Hiểu trong cụm chủ đề “Giải quyết vấn đề với sự trợ giúp của máy tính”, giúp tránh benchmark chỉ phủ kiến thức hoặc chỉ phủ một kiểu hành vi gia sư.",Cho học sinh đưa một câu trả lời/sản phẩm/lập luận thuộc Bài 14–16; tutor cần nhận xét đúng-sai-thiếu và hướng sửa.,"Tên chủ đề lấy từ OCR mục lục SGK Tin học 9, cần HNMU/UET rà soát trước khi chốt mã chính thức."
P05-COV-078,TIN9-CD05,Giải quyết vấn đề với sự trợ giúp của máy tính,Bài 14–16,T2,Phản hồi bài làm hoặc lập luận của học sinh,Vận dụng,F04,F06,SWT05,SWT06,Ưu tiên đoạn mã Python/chương trình hoặc mô tả thuật toán có lỗi/thiếu để tutor phản hồi hoặc chẩn đoán.,core,cao,"Ô này kiểm tra khả năng “Phản hồi bài làm hoặc lập luận của học sinh” ở mức Vận dụng trong cụm chủ đề “Giải quyết vấn đề với sự trợ giúp của máy tính”, giúp tránh benchmark chỉ phủ kiến thức hoặc chỉ phủ một kiểu hành vi gia sư.",Cho học sinh đưa một câu trả lời/sản phẩm/lập luận thuộc Bài 14–16; tutor cần nhận xét đúng-sai-thiếu và hướng sửa.,"Tên chủ đề lấy từ OCR mục lục SGK Tin học 9, cần HNMU/UET rà soát trước khi chốt mã chính thức."
P05-COV-079,TIN9-CD05,Giải quyết vấn đề với sự trợ giúp của máy tính,Bài 14–16,T3,Gợi ý từng bước để học sinh tự đi tiếp,Biết,F06,F04,SWT06,SWT05,Ưu tiên học sinh bị kẹt ở bước thiết kế thuật toán hoặc hoàn thiện chương trình.,optional,thấp,"Ô này kiểm tra khả năng “Gợi ý từng bước để học sinh tự đi tiếp” ở mức Biết trong cụm chủ đề “Giải quyết vấn đề với sự trợ giúp của máy tính”, giúp tránh benchmark chỉ phủ kiến thức hoặc chỉ phủ một kiểu hành vi gia sư.",Cho học sinh bị kẹt ở một bước thuộc Bài 14–16; cột note nên ghi mức hỗ trợ tiếng Việt như Gợi mở/Gợi ý/Hướng dẫn/Làm mẫu.,"Tên chủ đề lấy từ OCR mục lục SGK Tin học 9, cần HNMU/UET rà soát trước khi chốt mã chính thức."
P05-COV-080,TIN9-CD05,Giải quyết vấn đề với sự trợ giúp của máy tính,Bài 14–16,T3,Gợi ý từng bước để học sinh tự đi tiếp,Hiểu,F06,F04,SWT06,SWT05,Ưu tiên học sinh bị kẹt ở bước thiết kế thuật toán hoặc hoàn thiện chương trình.,recommended,trung bình,"Ô này kiểm tra khả năng “Gợi ý từng bước để học sinh tự đi tiếp” ở mức Hiểu trong cụm chủ đề “Giải quyết vấn đề với sự trợ giúp của máy tính”, giúp tránh benchmark chỉ phủ kiến thức hoặc chỉ phủ một kiểu hành vi gia sư.",Cho học sinh bị kẹt ở một bước thuộc Bài 14–16; cột note nên ghi mức hỗ trợ tiếng Việt như Gợi mở/Gợi ý/Hướng dẫn/Làm mẫu.,"Tên chủ đề lấy từ OCR mục lục SGK Tin học 9, cần HNMU/UET rà soát trước khi chốt mã chính thức."
P05-COV-081,TIN9-CD05,Giải quyết vấn đề với sự trợ giúp của máy tính,Bài 14–16,T3,Gợi ý từng bước để học sinh tự đi tiếp,Vận dụng,F06,F04,SWT06,SWT05,Ưu tiên học sinh bị kẹt ở bước thiết kế thuật toán hoặc hoàn thiện chương trình.,core,cao,"Ô này kiểm tra khả năng “Gợi ý từng bước để học sinh tự đi tiếp” ở mức Vận dụng trong cụm chủ đề “Giải quyết vấn đề với sự trợ giúp của máy tính”, giúp tránh benchmark chỉ phủ kiến thức hoặc chỉ phủ một kiểu hành vi gia sư.",Cho học sinh bị kẹt ở một bước thuộc Bài 14–16; cột note nên ghi mức hỗ trợ tiếng Việt như Gợi mở/Gợi ý/Hướng dẫn/Làm mẫu.,"Tên chủ đề lấy từ OCR mục lục SGK Tin học 9, cần HNMU/UET rà soát trước khi chốt mã chính thức."
P05-COV-082,TIN9-CD05,Giải quyết vấn đề với sự trợ giúp của máy tính,Bài 14–16,T4,"Chẩn đoán lỗi, hiểu lầm hoặc thiếu nền tảng",Biết,F04,F06,SWT05,SWT06,Ưu tiên đoạn mã Python/chương trình hoặc mô tả thuật toán có lỗi/thiếu để tutor phản hồi hoặc chẩn đoán.,optional,thấp,"Ô này kiểm tra khả năng “Chẩn đoán lỗi, hiểu lầm hoặc thiếu nền tảng” ở mức Biết trong cụm chủ đề “Giải quyết vấn đề với sự trợ giúp của máy tính”, giúp tránh benchmark chỉ phủ kiến thức hoặc chỉ phủ một kiểu hành vi gia sư.","Cho học sinh thể hiện lỗi, hiểu lầm hoặc thiếu nền tảng thuộc Bài 14–16; tutor cần chẩn đoán trước khi hướng dẫn tiếp.","Tên chủ đề lấy từ OCR mục lục SGK Tin học 9, cần HNMU/UET rà soát trước khi chốt mã chính thức."
P05-COV-083,TIN9-CD05,Giải quyết vấn đề với sự trợ giúp của máy tính,Bài 14–16,T4,"Chẩn đoán lỗi, hiểu lầm hoặc thiếu nền tảng",Hiểu,F04,F06,SWT05,SWT06,Ưu tiên đoạn mã Python/chương trình hoặc mô tả thuật toán có lỗi/thiếu để tutor phản hồi hoặc chẩn đoán.,core,cao,"Ô này kiểm tra khả năng “Chẩn đoán lỗi, hiểu lầm hoặc thiếu nền tảng” ở mức Hiểu trong cụm chủ đề “Giải quyết vấn đề với sự trợ giúp của máy tính”, giúp tránh benchmark chỉ phủ kiến thức hoặc chỉ phủ một kiểu hành vi gia sư.","Cho học sinh thể hiện lỗi, hiểu lầm hoặc thiếu nền tảng thuộc Bài 14–16; tutor cần chẩn đoán trước khi hướng dẫn tiếp.","Tên chủ đề lấy từ OCR mục lục SGK Tin học 9, cần HNMU/UET rà soát trước khi chốt mã chính thức."
P05-COV-084,TIN9-CD05,Giải quyết vấn đề với sự trợ giúp của máy tính,Bài 14–16,T4,"Chẩn đoán lỗi, hiểu lầm hoặc thiếu nền tảng",Vận dụng,F04,F06,SWT05,SWT06,Ưu tiên đoạn mã Python/chương trình hoặc mô tả thuật toán có lỗi/thiếu để tutor phản hồi hoặc chẩn đoán.,core,cao,"Ô này kiểm tra khả năng “Chẩn đoán lỗi, hiểu lầm hoặc thiếu nền tảng” ở mức Vận dụng trong cụm chủ đề “Giải quyết vấn đề với sự trợ giúp của máy tính”, giúp tránh benchmark chỉ phủ kiến thức hoặc chỉ phủ một kiểu hành vi gia sư.","Cho học sinh thể hiện lỗi, hiểu lầm hoặc thiếu nền tảng thuộc Bài 14–16; tutor cần chẩn đoán trước khi hướng dẫn tiếp.","Tên chủ đề lấy từ OCR mục lục SGK Tin học 9, cần HNMU/UET rà soát trước khi chốt mã chính thức."
P05-COV-085,TIN9-CD06,Hướng nghiệp với tin học,Bài 17,T1,Giải thích thích ứng,Biết,F01,F03,SWT01,SWT03,Ưu tiên câu hỏi khái niệm hoặc nhận định về nghề nghiệp liên quan đến Tin học.,core,cao,"Ô này kiểm tra khả năng “Giải thích thích ứng” ở mức Biết trong cụm chủ đề “Hướng nghiệp với tin học”, giúp tránh benchmark chỉ phủ kiến thức hoặc chỉ phủ một kiểu hành vi gia sư.",Tạo tình huống học sinh hỏi hoặc chưa hiểu một khái niệm/thao tác thuộc Bài 17; tutor cần giải thích vừa sức ở mức Biết.,"Tên chủ đề lấy từ OCR mục lục SGK Tin học 9, cần HNMU/UET rà soát trước khi chốt mã chính thức."
P05-COV-086,TIN9-CD06,Hướng nghiệp với tin học,Bài 17,T1,Giải thích thích ứng,Hiểu,F01,F03,SWT01,SWT03,Ưu tiên câu hỏi khái niệm hoặc nhận định về nghề nghiệp liên quan đến Tin học.,core,cao,"Ô này kiểm tra khả năng “Giải thích thích ứng” ở mức Hiểu trong cụm chủ đề “Hướng nghiệp với tin học”, giúp tránh benchmark chỉ phủ kiến thức hoặc chỉ phủ một kiểu hành vi gia sư.",Tạo tình huống học sinh hỏi hoặc chưa hiểu một khái niệm/thao tác thuộc Bài 17; tutor cần giải thích vừa sức ở mức Hiểu.,"Tên chủ đề lấy từ OCR mục lục SGK Tin học 9, cần HNMU/UET rà soát trước khi chốt mã chính thức."
P05-COV-087,TIN9-CD06,Hướng nghiệp với tin học,Bài 17,T1,Giải thích thích ứng,Vận dụng,F01,F03,SWT01,SWT03,Ưu tiên câu hỏi khái niệm hoặc nhận định về nghề nghiệp liên quan đến Tin học.,recommended,trung bình,"Ô này kiểm tra khả năng “Giải thích thích ứng” ở mức Vận dụng trong cụm chủ đề “Hướng nghiệp với tin học”, giúp tránh benchmark chỉ phủ kiến thức hoặc chỉ phủ một kiểu hành vi gia sư.",Tạo tình huống học sinh hỏi hoặc chưa hiểu một khái niệm/thao tác thuộc Bài 17; tutor cần giải thích vừa sức ở mức Vận dụng.,"Tên chủ đề lấy từ OCR mục lục SGK Tin học 9, cần HNMU/UET rà soát trước khi chốt mã chính thức."
P05-COV-088,TIN9-CD06,Hướng nghiệp với tin học,Bài 17,T2,Phản hồi bài làm hoặc lập luận của học sinh,Biết,F03,F02,SWT02,SWT03,"Ở mức Biết, có thể dùng đáp án trắc nghiệm kèm yêu cầu giải thích để tutor phản hồi đúng-sai-thiếu.",recommended,trung bình,"Ô này kiểm tra khả năng “Phản hồi bài làm hoặc lập luận của học sinh” ở mức Biết trong cụm chủ đề “Hướng nghiệp với tin học”, giúp tránh benchmark chỉ phủ kiến thức hoặc chỉ phủ một kiểu hành vi gia sư.",Cho học sinh đưa một câu trả lời/sản phẩm/lập luận thuộc Bài 17; tutor cần nhận xét đúng-sai-thiếu và hướng sửa.,"Tên chủ đề lấy từ OCR mục lục SGK Tin học 9, cần HNMU/UET rà soát trước khi chốt mã chính thức."
P05-COV-089,TIN9-CD06,Hướng nghiệp với tin học,Bài 17,T2,Phản hồi bài làm hoặc lập luận của học sinh,Hiểu,F03,F02,SWT03,SWT01,"Ưu tiên câu trả lời/lập luận ngắn về nghề nghiệp, năng lực hoặc định hướng học tập.",core,cao,"Ô này kiểm tra khả năng “Phản hồi bài làm hoặc lập luận của học sinh” ở mức Hiểu trong cụm chủ đề “Hướng nghiệp với tin học”, giúp tránh benchmark chỉ phủ kiến thức hoặc chỉ phủ một kiểu hành vi gia sư.",Cho học sinh đưa một câu trả lời/sản phẩm/lập luận thuộc Bài 17; tutor cần nhận xét đúng-sai-thiếu và hướng sửa.,"Tên chủ đề lấy từ OCR mục lục SGK Tin học 9, cần HNMU/UET rà soát trước khi chốt mã chính thức."
P05-COV-090,TIN9-CD06,Hướng nghiệp với tin học,Bài 17,T2,Phản hồi bài làm hoặc lập luận của học sinh,Vận dụng,F03,F02,SWT03,SWT01,"Ưu tiên câu trả lời/lập luận ngắn về nghề nghiệp, năng lực hoặc định hướng học tập.",core,cao,"Ô này kiểm tra khả năng “Phản hồi bài làm hoặc lập luận của học sinh” ở mức Vận dụng trong cụm chủ đề “Hướng nghiệp với tin học”, giúp tránh benchmark chỉ phủ kiến thức hoặc chỉ phủ một kiểu hành vi gia sư.",Cho học sinh đưa một câu trả lời/sản phẩm/lập luận thuộc Bài 17; tutor cần nhận xét đúng-sai-thiếu và hướng sửa.,"Tên chủ đề lấy từ OCR mục lục SGK Tin học 9, cần HNMU/UET rà soát trước khi chốt mã chính thức."
P05-COV-091,TIN9-CD06,Hướng nghiệp với tin học,Bài 17,T3,Gợi ý từng bước để học sinh tự đi tiếp,Biết,F03,F01,SWT03,SWT01,"Ưu tiên câu trả lời/lập luận ngắn về nghề nghiệp, năng lực hoặc định hướng học tập.",deferred,chưa cần,"Ô này kiểm tra khả năng “Gợi ý từng bước để học sinh tự đi tiếp” ở mức Biết trong cụm chủ đề “Hướng nghiệp với tin học”, giúp tránh benchmark chỉ phủ kiến thức hoặc chỉ phủ một kiểu hành vi gia sư.",Cho học sinh bị kẹt ở một bước thuộc Bài 17; cột note nên ghi mức hỗ trợ tiếng Việt như Gợi mở/Gợi ý/Hướng dẫn/Làm mẫu.,"Tên chủ đề lấy từ OCR mục lục SGK Tin học 9, cần HNMU/UET rà soát trước khi chốt mã chính thức. Riêng chủ đề hướng nghiệp có thể ít tự nhiên cho gợi ý từng bước/chẩn đoán lỗi, nên ưu tiên thấp hơn."
P05-COV-092,TIN9-CD06,Hướng nghiệp với tin học,Bài 17,T3,Gợi ý từng bước để học sinh tự đi tiếp,Hiểu,F03,F01,SWT03,SWT01,"Ưu tiên câu trả lời/lập luận ngắn về nghề nghiệp, năng lực hoặc định hướng học tập.",optional,thấp,"Ô này kiểm tra khả năng “Gợi ý từng bước để học sinh tự đi tiếp” ở mức Hiểu trong cụm chủ đề “Hướng nghiệp với tin học”, giúp tránh benchmark chỉ phủ kiến thức hoặc chỉ phủ một kiểu hành vi gia sư.",Cho học sinh bị kẹt ở một bước thuộc Bài 17; cột note nên ghi mức hỗ trợ tiếng Việt như Gợi mở/Gợi ý/Hướng dẫn/Làm mẫu.,"Tên chủ đề lấy từ OCR mục lục SGK Tin học 9, cần HNMU/UET rà soát trước khi chốt mã chính thức. Riêng chủ đề hướng nghiệp có thể ít tự nhiên cho gợi ý từng bước/chẩn đoán lỗi, nên ưu tiên thấp hơn."
P05-COV-093,TIN9-CD06,Hướng nghiệp với tin học,Bài 17,T3,Gợi ý từng bước để học sinh tự đi tiếp,Vận dụng,F03,F01,SWT03,SWT01,"Ưu tiên câu trả lời/lập luận ngắn về nghề nghiệp, năng lực hoặc định hướng học tập.",recommended,trung bình,"Ô này kiểm tra khả năng “Gợi ý từng bước để học sinh tự đi tiếp” ở mức Vận dụng trong cụm chủ đề “Hướng nghiệp với tin học”, giúp tránh benchmark chỉ phủ kiến thức hoặc chỉ phủ một kiểu hành vi gia sư.",Cho học sinh bị kẹt ở một bước thuộc Bài 17; cột note nên ghi mức hỗ trợ tiếng Việt như Gợi mở/Gợi ý/Hướng dẫn/Làm mẫu.,"Tên chủ đề lấy từ OCR mục lục SGK Tin học 9, cần HNMU/UET rà soát trước khi chốt mã chính thức. Riêng chủ đề hướng nghiệp có thể ít tự nhiên cho gợi ý từng bước/chẩn đoán lỗi, nên ưu tiên thấp hơn."
P05-COV-094,TIN9-CD06,Hướng nghiệp với tin học,Bài 17,T4,"Chẩn đoán lỗi, hiểu lầm hoặc thiếu nền tảng",Biết,F03,F01,SWT03,SWT01,"Ưu tiên câu trả lời/lập luận ngắn về nghề nghiệp, năng lực hoặc định hướng học tập.",deferred,chưa cần,"Ô này kiểm tra khả năng “Chẩn đoán lỗi, hiểu lầm hoặc thiếu nền tảng” ở mức Biết trong cụm chủ đề “Hướng nghiệp với tin học”, giúp tránh benchmark chỉ phủ kiến thức hoặc chỉ phủ một kiểu hành vi gia sư.","Cho học sinh thể hiện lỗi, hiểu lầm hoặc thiếu nền tảng thuộc Bài 17; tutor cần chẩn đoán trước khi hướng dẫn tiếp.","Tên chủ đề lấy từ OCR mục lục SGK Tin học 9, cần HNMU/UET rà soát trước khi chốt mã chính thức. Riêng chủ đề hướng nghiệp có thể ít tự nhiên cho gợi ý từng bước/chẩn đoán lỗi, nên ưu tiên thấp hơn."
P05-COV-095,TIN9-CD06,Hướng nghiệp với tin học,Bài 17,T4,"Chẩn đoán lỗi, hiểu lầm hoặc thiếu nền tảng",Hiểu,F03,F01,SWT03,SWT01,"Ưu tiên câu trả lời/lập luận ngắn về nghề nghiệp, năng lực hoặc định hướng học tập.",recommended,trung bình,"Ô này kiểm tra khả năng “Chẩn đoán lỗi, hiểu lầm hoặc thiếu nền tảng” ở mức Hiểu trong cụm chủ đề “Hướng nghiệp với tin học”, giúp tránh benchmark chỉ phủ kiến thức hoặc chỉ phủ một kiểu hành vi gia sư.","Cho học sinh thể hiện lỗi, hiểu lầm hoặc thiếu nền tảng thuộc Bài 17; tutor cần chẩn đoán trước khi hướng dẫn tiếp.","Tên chủ đề lấy từ OCR mục lục SGK Tin học 9, cần HNMU/UET rà soát trước khi chốt mã chính thức. Riêng chủ đề hướng nghiệp có thể ít tự nhiên cho gợi ý từng bước/chẩn đoán lỗi, nên ưu tiên thấp hơn."
P05-COV-096,TIN9-CD06,Hướng nghiệp với tin học,Bài 17,T4,"Chẩn đoán lỗi, hiểu lầm hoặc thiếu nền tảng",Vận dụng,F03,F01,SWT03,SWT01,"Ưu tiên câu trả lời/lập luận ngắn về nghề nghiệp, năng lực hoặc định hướng học tập.",recommended,trung bình,"Ô này kiểm tra khả năng “Chẩn đoán lỗi, hiểu lầm hoặc thiếu nền tảng” ở mức Vận dụng trong cụm chủ đề “Hướng nghiệp với tin học”, giúp tránh benchmark chỉ phủ kiến thức hoặc chỉ phủ một kiểu hành vi gia sư.","Cho học sinh thể hiện lỗi, hiểu lầm hoặc thiếu nền tảng thuộc Bài 17; tutor cần chẩn đoán trước khi hướng dẫn tiếp.","Tên chủ đề lấy từ OCR mục lục SGK Tin học 9, cần HNMU/UET rà soát trước khi chốt mã chính thức. Riêng chủ đề hướng nghiệp có thể ít tự nhiên cho gợi ý từng bước/chẩn đoán lỗi, nên ưu tiên thấp hơn."
