snapshot_at,kind,drive_path,title,id,mime_type,url,created_time,modified_time,local_path,download_status,size_bytes,sha256,export_note,error
2026-07-04T00:00:00+07:00,folder,/,version 20260701_100006,18k6oGkD4RJMhcKNjsVc178x2S2f6iur5,application/vnd.google-apps.folder,https://drive.google.com/drive/folders/18k6oGkD4RJMhcKNjsVc178x2S2f6iur5,2026-07-01T07:54:19.428Z,2026-07-01T07:54:19.428Z,,listed,,,Folder listed from Google Drive; contents represented by child rows.,
2026-07-04T00:00:00+07:00,folder,/curriculum_sources,curriculum_sources,1RkD8BA-GGmJ8u2fSZ_EJ5iQIx_uR1160,application/vnd.google-apps.folder,https://drive.google.com/drive/folders/1RkD8BA-GGmJ8u2fSZ_EJ5iQIx_uR1160,2026-07-03T08:13:20.659Z,2026-07-03T08:13:20.659Z,,listed,,,Folder listed from Google Drive; contents represented by child rows.,
2026-07-04T00:00:00+07:00,folder,/literature_review,literature_review,1dT9QCH8vX-J8rP_bhqooasimYX7WOgDs,application/vnd.google-apps.folder,https://drive.google.com/drive/folders/1dT9QCH8vX-J8rP_bhqooasimYX7WOgDs,2026-07-03T08:02:33.472Z,2026-07-03T08:02:33.472Z,,listed,,,Folder listed from Google Drive; contents represented by child rows.,
2026-07-04T00:00:00+07:00,folder,/teacher_packet,teacher_packet,1qlXEmspY00ZovtpzEOLCjiPiYQJuP5vP,application/vnd.google-apps.folder,https://drive.google.com/drive/folders/1qlXEmspY00ZovtpzEOLCjiPiYQJuP5vP,2026-07-01T08:00:19.291Z,2026-07-01T08:00:59.210Z,,listed,,,Folder listed from Google Drive; contents represented by child rows.,
2026-07-04T00:00:00+07:00,file,/curriculum_sources/README.md,README.md,1u40i_gh1s46G1PyA9mYPAFlTQMtWmwzAGJA752Cs9PA,application/vnd.google-apps.document,https://docs.google.com/document/d/1u40i_gh1s46G1PyA9mYPAFlTQMtWmwzAGJA752Cs9PA/edit?usp=drivesdk,2026-07-03T08:13:38.675Z,2026-07-03T08:14:21.593Z,files/curriculum_sources/README.md,downloaded,1481,a52d550c49453309d80eb298ab9aeda91d572a3bcaa890f75db46482263be694,Google Doc exported as plain text/Markdown-like content; response content-type=text/plain; charset=utf-8,
2026-07-04T00:00:00+07:00,file,/curriculum_sources/source_registry,source_registry,1OCoUYEvUGbQFSPWM0jIKztd6Qj52xIj0IQ9WPkksfzc,application/vnd.google-apps.spreadsheet,https://docs.google.com/spreadsheets/d/1OCoUYEvUGbQFSPWM0jIKztd6Qj52xIj0IQ9WPkksfzc/edit?usp=drivesdk,2026-07-03T08:13:38.675Z,2026-07-03T08:14:17.195Z,files/curriculum_sources/source_registry.xlsx,downloaded,6101,6895fac7117914a5e332f8611c1c6c7749515fedd076bd5ef879ece36913305b,Google Sheet exported as xlsx; response content-type=application/vnd.openxmlformats-officedocument.spreadsheetml.sheet,
2026-07-04T00:00:00+07:00,file,/curriculum_sources/curriculum_reference_matrix,curriculum_reference_matrix,1VS_M8zq0ZI1ybI275omMWbDFfZxs6Sr7weqxEA2Tp1s,application/vnd.google-apps.spreadsheet,https://docs.google.com/spreadsheets/d/1VS_M8zq0ZI1ybI275omMWbDFfZxs6Sr7weqxEA2Tp1s/edit?usp=drivesdk,2026-07-03T08:13:38.675Z,2026-07-03T08:14:10.932Z,files/curriculum_sources/curriculum_reference_matrix.xlsx,downloaded,56757,eb3c3a77c08246436cf94bc7b9d2014ca0728ce609d6e6876b3a8d7eedc0f1b1,Google Sheet exported as xlsx; response content-type=application/vnd.openxmlformats-officedocument.spreadsheetml.sheet,
2026-07-04T00:00:00+07:00,file,/curriculum_sources/02-Tai-lieu-tim-hieu-Chuong-trinh-mon-Tin-hoc-2019.pdf,02-Tai-lieu-tim-hieu-Chuong-trinh-mon-Tin-hoc-2019.pdf,1s6oVhxLZM3HBCje4iquFReU3ieDZe6U1,application/pdf,https://drive.google.com/file/d/1s6oVhxLZM3HBCje4iquFReU3ieDZe6U1/view?usp=drivesdk,2026-07-03T08:13:38.675Z,2026-07-03T08:14:06.256Z,files/curriculum_sources/02-Tai-lieu-tim-hieu-Chuong-trinh-mon-Tin-hoc-2019.pdf,downloaded,1776774,54e53d7ad4e3f1e95b749dd771fa85f366dbec18f6e28d1cc27b2f54778e9478,Raw PDF download; response content-type=application/octet-stream,
2026-07-04T00:00:00+07:00,file,/curriculum_sources/01-Chuong-trinh-GDPT-mon-Tin-hoc-2018.pdf,01-Chuong-trinh-GDPT-mon-Tin-hoc-2018.pdf,1KwV0MiNOMAkSezkMkk9jHR7nf0bfnWRX,application/pdf,https://drive.google.com/file/d/1KwV0MiNOMAkSezkMkk9jHR7nf0bfnWRX/view?usp=drivesdk,2026-07-03T08:13:38.675Z,2026-07-03T08:14:01.685Z,files/curriculum_sources/01-Chuong-trinh-GDPT-mon-Tin-hoc-2018.pdf,downloaded,785393,0cde1d108b90546ee2976b35a19b7acc56e61a292da2b27985a73238db3fb4f4,Raw PDF download; response content-type=application/octet-stream,
2026-07-04T00:00:00+07:00,file,/literature_review/rapid_review.md,rapid_review.md,1pYIhXSC0-DVedmKNFmpL9I04kKOsrqv8bfKez3rdwoc,application/vnd.google-apps.document,https://docs.google.com/document/d/1pYIhXSC0-DVedmKNFmpL9I04kKOsrqv8bfKez3rdwoc/edit?usp=drivesdk,2026-07-03T08:02:42.238Z,2026-07-03T08:03:50.381Z,files/literature_review/rapid_review.md,downloaded,6095,6597bb1aa80465f29adbc234dc0d1ef874244b15fb7f14e05ff5fecb4b3355d2,Google Doc exported as plain text/Markdown-like content; response content-type=text/plain; charset=utf-8,
2026-07-04T00:00:00+07:00,file,/literature_review/review_log.csv,review_log.csv,1uFbj-5ZMWM2tLcutp4gRYw_PFLb7xDKf,text/csv,https://drive.google.com/file/d/1uFbj-5ZMWM2tLcutp4gRYw_PFLb7xDKf/view?usp=drivesdk,2026-07-03T08:02:42.238Z,2026-07-03T08:03:37.099Z,files/literature_review/review_log.csv,downloaded,20335,6f5d5075db13c83c3445a03096a3918eeceb3acea441d74e4d540a28da957cf3,Raw CSV download; response content-type=application/octet-stream,
2026-07-04T00:00:00+07:00,file,/literature_review/review_protocol.md,review_protocol.md,1-VjRAtlMpGu8NDFVFWycDISYzJk1cB3G2_aC5GcVFhE,application/vnd.google-apps.document,https://docs.google.com/document/d/1-VjRAtlMpGu8NDFVFWycDISYzJk1cB3G2_aC5GcVFhE/edit?usp=drivesdk,2026-07-03T08:02:42.238Z,2026-07-03T08:03:17.533Z,files/literature_review/review_protocol.md,downloaded,5440,4a8a6211056f6f21387e0f752585f8c4b91675758a0f5323087769d05bef1cf3,Google Doc exported as plain text/Markdown-like content; response content-type=text/plain; charset=utf-8,
2026-07-04T00:00:00+07:00,file,/literature_review/evidence_matrix,evidence_matrix,1R59-jb20bOjowyeN652IWLx_jxBgAnTczxI16vMwgoo,application/vnd.google-apps.spreadsheet,https://docs.google.com/spreadsheets/d/1R59-jb20bOjowyeN652IWLx_jxBgAnTczxI16vMwgoo/edit?usp=drivesdk,2026-07-03T08:02:42.238Z,2026-07-03T08:03:12.632Z,files/literature_review/evidence_matrix.xlsx,downloaded,17014,097b1929b02bc00d41522f0a736aff0e8eb59ca1110e7cb48ef7b400013c1b29,Google Sheet exported as xlsx; response content-type=application/vnd.openxmlformats-officedocument.spreadsheetml.sheet,
2026-07-04T00:00:00+07:00,file,/teacher_packet/review_form.xlsx,review_form.xlsx,1hx-bmX1hNfdFImfoKlXztGKp9QGCcou1,application/vnd.openxmlformats-officedocument.spreadsheetml.sheet,https://docs.google.com/spreadsheets/d/1hx-bmX1hNfdFImfoKlXztGKp9QGCcou1/edit?usp=drivesdk&ouid=106121973400833289977&rtpof=true&sd=true,2026-07-01T08:00:25.895Z,2026-07-03T12:37:31.852Z,files/teacher_packet/review_form.xlsx,downloaded,332584,12c3ede3c5827d6b44628c3042040d8c8c6a67277b8b4516f8da8ad96746aa32,Raw Office xlsx download; primary input for Step 1; response content-type=application/octet-stream,
2026-07-04T00:00:00+07:00,file,/teacher_packet/author-and-review-guide.md,author-and-review-guide.md,1tjDzP72FXwh0taJkeojlhaXYOw9A2y47sqrHjvuWqCk,application/vnd.google-apps.document,https://docs.google.com/document/d/1tjDzP72FXwh0taJkeojlhaXYOw9A2y47sqrHjvuWqCk/edit?usp=drivesdk,2026-07-01T08:00:25.895Z,2026-07-03T07:34:03.372Z,files/teacher_packet/author-and-review-guide.md,downloaded,3,f1945cd6c19e56b3c1c78943ef5ec18116907a4ca1efc40a57d48ab1db7adfc5,Google Doc exported as plain text/Markdown-like content; response content-type=text/plain; charset=utf-8,
2026-07-04T00:00:00+07:00,file,/teacher_packet/examples.md,examples.md,1bW7YXuV0ztsjYOFaOz7ObDeRhI_D0eHpmtr4xxe1fF0,application/vnd.google-apps.document,https://docs.google.com/document/d/1bW7YXuV0ztsjYOFaOz7ObDeRhI_D0eHpmtr4xxe1fF0/edit?usp=drivesdk,2026-07-01T08:00:25.895Z,2026-07-01T08:02:31.984Z,files/teacher_packet/examples.md,downloaded,42460,3ac4e7551a6017369d8de9def57236cc88a8a0024939cdc9b15840702e92231b,Google Doc exported as plain text/Markdown-like content; response content-type=text/plain; charset=utf-8,
2026-07-04T00:00:00+07:00,file,/teacher_packet/example_source_registry,example_source_registry,1u4avLNMq3db4UKeGud2hxKP0ztNzkgcjoTTqTN5_iuA,application/vnd.google-apps.spreadsheet,https://docs.google.com/spreadsheets/d/1u4avLNMq3db4UKeGud2hxKP0ztNzkgcjoTTqTN5_iuA/edit?usp=drivesdk,2026-07-01T08:00:25.895Z,2026-07-01T08:02:26.241Z,files/teacher_packet/example_source_registry.xlsx,downloaded,6885,006c4eb04bec0aa2b67ed2a201e126422f10d126db5fa150716c86f2d6830b70,Google Sheet exported as xlsx; response content-type=application/vnd.openxmlformats-officedocument.spreadsheetml.sheet,
2026-07-04T00:00:00+07:00,file,/teacher_packet/00-start-here.md,00-start-here.md,155xIyeKyoY7NGiXbkDiUqNpCG6zvk_XtYSOLfjHHqwA,application/vnd.google-apps.document,https://docs.google.com/document/d/155xIyeKyoY7NGiXbkDiUqNpCG6zvk_XtYSOLfjHHqwA/edit?usp=drivesdk,2026-07-01T08:00:25.895Z,2026-07-01T08:02:14.025Z,files/teacher_packet/00-start-here.md,downloaded,3800,3822caf0714d7fca014dfb288cd55166a0ef330fbe1b4dae31dd2eb892c144fe,Google Doc exported as plain text/Markdown-like content; response content-type=text/plain; charset=utf-8,
