learning_material_id,source_title,grade,source_url,source_key,image_page,image_url,local_path,file_size_bytes,status,notes
LM-SGK-TIN8-4700157933,SGK Tin học 8,8,https://taphuan.nxbgd.vn/tap-huan/doc-sach/sgk-tin-hoc-8.4700157933,4700157933,0001,https://cdn3.olm.vn/upload/taphuan/4700157933-page-1-1775791082919.png,experiments/20260705_215045/source_scope/raw_page_images/SGK_TIN8/page_0001.png,1381528,downloaded,Ảnh raw đã lưu để bảo toàn nguồn SGK Tin học THCS; chưa xử lý trong P02 bản thu gọn.
LM-SGK-TIN8-4700157933,SGK Tin học 8,8,https://taphuan.nxbgd.vn/tap-huan/doc-sach/sgk-tin-hoc-8.4700157933,4700157933,0002,https://cdn3.olm.vn/upload/taphuan/4700157933-page-2-1775791083204.png,experiments/20260705_215045/source_scope/raw_page_images/SGK_TIN8/page_0002.png,179883,downloaded,Ảnh raw đã lưu để bảo toàn nguồn SGK Tin học THCS; chưa xử lý trong P02 bản thu gọn.
LM-SGK-TIN8-4700157933,SGK Tin học 8,8,https://taphuan.nxbgd.vn/tap-huan/doc-sach/sgk-tin-hoc-8.4700157933,4700157933,0003,https://cdn3.olm.vn/upload/taphuan/4700157933-page-3-1775791083550.png,experiments/20260705_215045/source_scope/raw_page_images/SGK_TIN8/page_0003.png,644151,downloaded,Ảnh raw đã lưu để bảo toàn nguồn SGK Tin học THCS; chưa xử lý trong P02 bản thu gọn.
LM-SGK-TIN8-4700157933,SGK Tin học 8,8,https://taphuan.nxbgd.vn/tap-huan/doc-sach/sgk-tin-hoc-8.4700157933,4700157933,0004,https://cdn3.olm.vn/upload/taphuan/4700157933-page-4-1775791083878.png,experiments/20260705_215045/source_scope/raw_page_images/SGK_TIN8/page_0004.png,555605,downloaded,Ảnh raw đã lưu để bảo toàn nguồn SGK Tin học THCS; chưa xử lý trong P02 bản thu gọn.
LM-SGK-TIN8-4700157933,SGK Tin học 8,8,https://taphuan.nxbgd.vn/tap-huan/doc-sach/sgk-tin-hoc-8.4700157933,4700157933,0005,https://cdn3.olm.vn/upload/taphuan/4700157933-page-5-1775791084219.png,experiments/20260705_215045/source_scope/raw_page_images/SGK_TIN8/page_0005.png,519401,downloaded,Ảnh raw đã lưu để bảo toàn nguồn SGK Tin học THCS; chưa xử lý trong P02 bản thu gọn.
LM-SGK-TIN8-4700157933,SGK Tin học 8,8,https://taphuan.nxbgd.vn/tap-huan/doc-sach/sgk-tin-hoc-8.4700157933,4700157933,0006,https://cdn3.olm.vn/upload/taphuan/4700157933-page-6-1775791084582.png,experiments/20260705_215045/source_scope/raw_page_images/SGK_TIN8/page_0006.png,752745,downloaded,Ảnh raw đã lưu để bảo toàn nguồn SGK Tin học THCS; chưa xử lý trong P02 bản thu gọn.
LM-SGK-TIN8-4700157933,SGK Tin học 8,8,https://taphuan.nxbgd.vn/tap-huan/doc-sach/sgk-tin-hoc-8.4700157933,4700157933,0007,https://cdn3.olm.vn/upload/taphuan/4700157933-page-7-1775791084954.png,experiments/20260705_215045/source_scope/raw_page_images/SGK_TIN8/page_0007.png,724033,downloaded,Ảnh raw đã lưu để bảo toàn nguồn SGK Tin học THCS; chưa xử lý trong P02 bản thu gọn.
LM-SGK-TIN8-4700157933,SGK Tin học 8,8,https://taphuan.nxbgd.vn/tap-huan/doc-sach/sgk-tin-hoc-8.4700157933,4700157933,0008,https://cdn3.olm.vn/upload/taphuan/4700157933-page-8-1775791085318.png,experiments/20260705_215045/source_scope/raw_page_images/SGK_TIN8/page_0008.png,760472,downloaded,Ảnh raw đã lưu để bảo toàn nguồn SGK Tin học THCS; chưa xử lý trong P02 bản thu gọn.
LM-SGK-TIN8-4700157933,SGK Tin học 8,8,https://taphuan.nxbgd.vn/tap-huan/doc-sach/sgk-tin-hoc-8.4700157933,4700157933,0009,https://cdn3.olm.vn/upload/taphuan/4700157933-page-9-1775791085659.png,experiments/20260705_215045/source_scope/raw_page_images/SGK_TIN8/page_0009.png,714219,downloaded,Ảnh raw đã lưu để bảo toàn nguồn SGK Tin học THCS; chưa xử lý trong P02 bản thu gọn.
LM-SGK-TIN8-4700157933,SGK Tin học 8,8,https://taphuan.nxbgd.vn/tap-huan/doc-sach/sgk-tin-hoc-8.4700157933,4700157933,0010,https://cdn3.olm.vn/upload/taphuan/4700157933-page-10-1775791085991.png,experiments/20260705_215045/source_scope/raw_page_images/SGK_TIN8/page_0010.png,688819,downloaded,Ảnh raw đã lưu để bảo toàn nguồn SGK Tin học THCS; chưa xử lý trong P02 bản thu gọn.
LM-SGK-TIN8-4700157933,SGK Tin học 8,8,https://taphuan.nxbgd.vn/tap-huan/doc-sach/sgk-tin-hoc-8.4700157933,4700157933,0011,https://cdn3.olm.vn/upload/taphuan/4700157933-page-11-1775791086321.png,experiments/20260705_215045/source_scope/raw_page_images/SGK_TIN8/page_0011.png,701249,downloaded,Ảnh raw đã lưu để bảo toàn nguồn SGK Tin học THCS; chưa xử lý trong P02 bản thu gọn.
LM-SGK-TIN8-4700157933,SGK Tin học 8,8,https://taphuan.nxbgd.vn/tap-huan/doc-sach/sgk-tin-hoc-8.4700157933,4700157933,0012,https://cdn3.olm.vn/upload/taphuan/4700157933-page-12-1775791086826.png,experiments/20260705_215045/source_scope/raw_page_images/SGK_TIN8/page_0012.png,676444,downloaded,Ảnh raw đã lưu để bảo toàn nguồn SGK Tin học THCS; chưa xử lý trong P02 bản thu gọn.
LM-SGK-TIN8-4700157933,SGK Tin học 8,8,https://taphuan.nxbgd.vn/tap-huan/doc-sach/sgk-tin-hoc-8.4700157933,4700157933,0013,https://cdn3.olm.vn/upload/taphuan/4700157933-page-13-1775791087165.png,experiments/20260705_215045/source_scope/raw_page_images/SGK_TIN8/page_0013.png,742658,downloaded,Ảnh raw đã lưu để bảo toàn nguồn SGK Tin học THCS; chưa xử lý trong P02 bản thu gọn.
LM-SGK-TIN8-4700157933,SGK Tin học 8,8,https://taphuan.nxbgd.vn/tap-huan/doc-sach/sgk-tin-hoc-8.4700157933,4700157933,0014,https://cdn3.olm.vn/upload/taphuan/4700157933-page-14-1775791087496.png,experiments/20260705_215045/source_scope/raw_page_images/SGK_TIN8/page_0014.png,554067,downloaded,Ảnh raw đã lưu để bảo toàn nguồn SGK Tin học THCS; chưa xử lý trong P02 bản thu gọn.
LM-SGK-TIN8-4700157933,SGK Tin học 8,8,https://taphuan.nxbgd.vn/tap-huan/doc-sach/sgk-tin-hoc-8.4700157933,4700157933,0015,https://cdn3.olm.vn/upload/taphuan/4700157933-page-15-1775791087855.png,experiments/20260705_215045/source_scope/raw_page_images/SGK_TIN8/page_0015.png,624420,downloaded,Ảnh raw đã lưu để bảo toàn nguồn SGK Tin học THCS; chưa xử lý trong P02 bản thu gọn.
LM-SGK-TIN8-4700157933,SGK Tin học 8,8,https://taphuan.nxbgd.vn/tap-huan/doc-sach/sgk-tin-hoc-8.4700157933,4700157933,0016,https://cdn3.olm.vn/upload/taphuan/4700157933-page-16-1775791088201.png,experiments/20260705_215045/source_scope/raw_page_images/SGK_TIN8/page_0016.png,538423,downloaded,Ảnh raw đã lưu để bảo toàn nguồn SGK Tin học THCS; chưa xử lý trong P02 bản thu gọn.
LM-SGK-TIN8-4700157933,SGK Tin học 8,8,https://taphuan.nxbgd.vn/tap-huan/doc-sach/sgk-tin-hoc-8.4700157933,4700157933,0017,https://cdn3.olm.vn/upload/taphuan/4700157933-page-17-1775791088537.png,experiments/20260705_215045/source_scope/raw_page_images/SGK_TIN8/page_0017.png,461655,downloaded,Ảnh raw đã lưu để bảo toàn nguồn SGK Tin học THCS; chưa xử lý trong P02 bản thu gọn.
LM-SGK-TIN8-4700157933,SGK Tin học 8,8,https://taphuan.nxbgd.vn/tap-huan/doc-sach/sgk-tin-hoc-8.4700157933,4700157933,0018,https://cdn3.olm.vn/upload/taphuan/4700157933-page-18-1775791088850.png,experiments/20260705_215045/source_scope/raw_page_images/SGK_TIN8/page_0018.png,412393,downloaded,Ảnh raw đã lưu để bảo toàn nguồn SGK Tin học THCS; chưa xử lý trong P02 bản thu gọn.
LM-SGK-TIN8-4700157933,SGK Tin học 8,8,https://taphuan.nxbgd.vn/tap-huan/doc-sach/sgk-tin-hoc-8.4700157933,4700157933,0019,https://cdn3.olm.vn/upload/taphuan/4700157933-page-19-1775791089210.png,experiments/20260705_215045/source_scope/raw_page_images/SGK_TIN8/page_0019.png,1125822,downloaded,Ảnh raw đã lưu để bảo toàn nguồn SGK Tin học THCS; chưa xử lý trong P02 bản thu gọn.
LM-SGK-TIN8-4700157933,SGK Tin học 8,8,https://taphuan.nxbgd.vn/tap-huan/doc-sach/sgk-tin-hoc-8.4700157933,4700157933,0020,https://cdn3.olm.vn/upload/taphuan/4700157933-page-20-1775791089559.png,experiments/20260705_215045/source_scope/raw_page_images/SGK_TIN8/page_0020.png,749940,downloaded,Ảnh raw đã lưu để bảo toàn nguồn SGK Tin học THCS; chưa xử lý trong P02 bản thu gọn.
LM-SGK-TIN8-4700157933,SGK Tin học 8,8,https://taphuan.nxbgd.vn/tap-huan/doc-sach/sgk-tin-hoc-8.4700157933,4700157933,0021,https://cdn3.olm.vn/upload/taphuan/4700157933-page-21-1775791089899.png,experiments/20260705_215045/source_scope/raw_page_images/SGK_TIN8/page_0021.png,707288,downloaded,Ảnh raw đã lưu để bảo toàn nguồn SGK Tin học THCS; chưa xử lý trong P02 bản thu gọn.
LM-SGK-TIN8-4700157933,SGK Tin học 8,8,https://taphuan.nxbgd.vn/tap-huan/doc-sach/sgk-tin-hoc-8.4700157933,4700157933,0022,https://cdn3.olm.vn/upload/taphuan/4700157933-page-22-1775791090247.png,experiments/20260705_215045/source_scope/raw_page_images/SGK_TIN8/page_0022.png,626121,downloaded,Ảnh raw đã lưu để bảo toàn nguồn SGK Tin học THCS; chưa xử lý trong P02 bản thu gọn.
LM-SGK-TIN8-4700157933,SGK Tin học 8,8,https://taphuan.nxbgd.vn/tap-huan/doc-sach/sgk-tin-hoc-8.4700157933,4700157933,0023,https://cdn3.olm.vn/upload/taphuan/4700157933-page-23-1775791090617.png,experiments/20260705_215045/source_scope/raw_page_images/SGK_TIN8/page_0023.png,735600,downloaded,Ảnh raw đã lưu để bảo toàn nguồn SGK Tin học THCS; chưa xử lý trong P02 bản thu gọn.
LM-SGK-TIN8-4700157933,SGK Tin học 8,8,https://taphuan.nxbgd.vn/tap-huan/doc-sach/sgk-tin-hoc-8.4700157933,4700157933,0024,https://cdn3.olm.vn/upload/taphuan/4700157933-page-24-1775791091031.png,experiments/20260705_215045/source_scope/raw_page_images/SGK_TIN8/page_0024.png,775012,downloaded,Ảnh raw đã lưu để bảo toàn nguồn SGK Tin học THCS; chưa xử lý trong P02 bản thu gọn.
LM-SGK-TIN8-4700157933,SGK Tin học 8,8,https://taphuan.nxbgd.vn/tap-huan/doc-sach/sgk-tin-hoc-8.4700157933,4700157933,0025,https://cdn3.olm.vn/upload/taphuan/4700157933-page-25-1775791091381.png,experiments/20260705_215045/source_scope/raw_page_images/SGK_TIN8/page_0025.png,553508,downloaded,Ảnh raw đã lưu để bảo toàn nguồn SGK Tin học THCS; chưa xử lý trong P02 bản thu gọn.
LM-SGK-TIN8-4700157933,SGK Tin học 8,8,https://taphuan.nxbgd.vn/tap-huan/doc-sach/sgk-tin-hoc-8.4700157933,4700157933,0026,https://cdn3.olm.vn/upload/taphuan/4700157933-page-26-1775791091720.png,experiments/20260705_215045/source_scope/raw_page_images/SGK_TIN8/page_0026.png,635370,downloaded,Ảnh raw đã lưu để bảo toàn nguồn SGK Tin học THCS; chưa xử lý trong P02 bản thu gọn.
LM-SGK-TIN8-4700157933,SGK Tin học 8,8,https://taphuan.nxbgd.vn/tap-huan/doc-sach/sgk-tin-hoc-8.4700157933,4700157933,0027,https://cdn3.olm.vn/upload/taphuan/4700157933-page-27-1775791092070.png,experiments/20260705_215045/source_scope/raw_page_images/SGK_TIN8/page_0027.png,562601,downloaded,Ảnh raw đã lưu để bảo toàn nguồn SGK Tin học THCS; chưa xử lý trong P02 bản thu gọn.
LM-SGK-TIN8-4700157933,SGK Tin học 8,8,https://taphuan.nxbgd.vn/tap-huan/doc-sach/sgk-tin-hoc-8.4700157933,4700157933,0028,https://cdn3.olm.vn/upload/taphuan/4700157933-page-28-1775791092418.png,experiments/20260705_215045/source_scope/raw_page_images/SGK_TIN8/page_0028.png,686985,downloaded,Ảnh raw đã lưu để bảo toàn nguồn SGK Tin học THCS; chưa xử lý trong P02 bản thu gọn.
LM-SGK-TIN8-4700157933,SGK Tin học 8,8,https://taphuan.nxbgd.vn/tap-huan/doc-sach/sgk-tin-hoc-8.4700157933,4700157933,0029,https://cdn3.olm.vn/upload/taphuan/4700157933-page-29-1775791092771.png,experiments/20260705_215045/source_scope/raw_page_images/SGK_TIN8/page_0029.png,672064,downloaded,Ảnh raw đã lưu để bảo toàn nguồn SGK Tin học THCS; chưa xử lý trong P02 bản thu gọn.
LM-SGK-TIN8-4700157933,SGK Tin học 8,8,https://taphuan.nxbgd.vn/tap-huan/doc-sach/sgk-tin-hoc-8.4700157933,4700157933,0030,https://cdn3.olm.vn/upload/taphuan/4700157933-page-30-1775791093111.png,experiments/20260705_215045/source_scope/raw_page_images/SGK_TIN8/page_0030.png,590400,downloaded,Ảnh raw đã lưu để bảo toàn nguồn SGK Tin học THCS; chưa xử lý trong P02 bản thu gọn.
LM-SGK-TIN8-4700157933,SGK Tin học 8,8,https://taphuan.nxbgd.vn/tap-huan/doc-sach/sgk-tin-hoc-8.4700157933,4700157933,0031,https://cdn3.olm.vn/upload/taphuan/4700157933-page-31-1775791093479.png,experiments/20260705_215045/source_scope/raw_page_images/SGK_TIN8/page_0031.png,898256,downloaded,Ảnh raw đã lưu để bảo toàn nguồn SGK Tin học THCS; chưa xử lý trong P02 bản thu gọn.
LM-SGK-TIN8-4700157933,SGK Tin học 8,8,https://taphuan.nxbgd.vn/tap-huan/doc-sach/sgk-tin-hoc-8.4700157933,4700157933,0032,https://cdn3.olm.vn/upload/taphuan/4700157933-page-32-1775791093839.png,experiments/20260705_215045/source_scope/raw_page_images/SGK_TIN8/page_0032.png,627071,downloaded,Ảnh raw đã lưu để bảo toàn nguồn SGK Tin học THCS; chưa xử lý trong P02 bản thu gọn.
LM-SGK-TIN8-4700157933,SGK Tin học 8,8,https://taphuan.nxbgd.vn/tap-huan/doc-sach/sgk-tin-hoc-8.4700157933,4700157933,0033,https://cdn3.olm.vn/upload/taphuan/4700157933-page-33-1775791094185.png,experiments/20260705_215045/source_scope/raw_page_images/SGK_TIN8/page_0033.png,518925,downloaded,Ảnh raw đã lưu để bảo toàn nguồn SGK Tin học THCS; chưa xử lý trong P02 bản thu gọn.
LM-SGK-TIN8-4700157933,SGK Tin học 8,8,https://taphuan.nxbgd.vn/tap-huan/doc-sach/sgk-tin-hoc-8.4700157933,4700157933,0034,https://cdn3.olm.vn/upload/taphuan/4700157933-page-34-1775791094526.png,experiments/20260705_215045/source_scope/raw_page_images/SGK_TIN8/page_0034.png,578880,downloaded,Ảnh raw đã lưu để bảo toàn nguồn SGK Tin học THCS; chưa xử lý trong P02 bản thu gọn.
LM-SGK-TIN8-4700157933,SGK Tin học 8,8,https://taphuan.nxbgd.vn/tap-huan/doc-sach/sgk-tin-hoc-8.4700157933,4700157933,0035,https://cdn3.olm.vn/upload/taphuan/4700157933-page-35-1775791094845.png,experiments/20260705_215045/source_scope/raw_page_images/SGK_TIN8/page_0035.png,422491,downloaded,Ảnh raw đã lưu để bảo toàn nguồn SGK Tin học THCS; chưa xử lý trong P02 bản thu gọn.
LM-SGK-TIN8-4700157933,SGK Tin học 8,8,https://taphuan.nxbgd.vn/tap-huan/doc-sach/sgk-tin-hoc-8.4700157933,4700157933,0036,https://cdn3.olm.vn/upload/taphuan/4700157933-page-36-1775791095189.png,experiments/20260705_215045/source_scope/raw_page_images/SGK_TIN8/page_0036.png,519710,downloaded,Ảnh raw đã lưu để bảo toàn nguồn SGK Tin học THCS; chưa xử lý trong P02 bản thu gọn.
LM-SGK-TIN8-4700157933,SGK Tin học 8,8,https://taphuan.nxbgd.vn/tap-huan/doc-sach/sgk-tin-hoc-8.4700157933,4700157933,0037,https://cdn3.olm.vn/upload/taphuan/4700157933-page-37-1775791095525.png,experiments/20260705_215045/source_scope/raw_page_images/SGK_TIN8/page_0037.png,597709,downloaded,Ảnh raw đã lưu để bảo toàn nguồn SGK Tin học THCS; chưa xử lý trong P02 bản thu gọn.
LM-SGK-TIN8-4700157933,SGK Tin học 8,8,https://taphuan.nxbgd.vn/tap-huan/doc-sach/sgk-tin-hoc-8.4700157933,4700157933,0038,https://cdn3.olm.vn/upload/taphuan/4700157933-page-38-1775791095892.png,experiments/20260705_215045/source_scope/raw_page_images/SGK_TIN8/page_0038.png,919368,downloaded,Ảnh raw đã lưu để bảo toàn nguồn SGK Tin học THCS; chưa xử lý trong P02 bản thu gọn.
LM-SGK-TIN8-4700157933,SGK Tin học 8,8,https://taphuan.nxbgd.vn/tap-huan/doc-sach/sgk-tin-hoc-8.4700157933,4700157933,0039,https://cdn3.olm.vn/upload/taphuan/4700157933-page-39-1775791096246.png,experiments/20260705_215045/source_scope/raw_page_images/SGK_TIN8/page_0039.png,629926,downloaded,Ảnh raw đã lưu để bảo toàn nguồn SGK Tin học THCS; chưa xử lý trong P02 bản thu gọn.
LM-SGK-TIN8-4700157933,SGK Tin học 8,8,https://taphuan.nxbgd.vn/tap-huan/doc-sach/sgk-tin-hoc-8.4700157933,4700157933,0040,https://cdn3.olm.vn/upload/taphuan/4700157933-page-40-1775791096597.png,experiments/20260705_215045/source_scope/raw_page_images/SGK_TIN8/page_0040.png,599707,downloaded,Ảnh raw đã lưu để bảo toàn nguồn SGK Tin học THCS; chưa xử lý trong P02 bản thu gọn.
LM-SGK-TIN8-4700157933,SGK Tin học 8,8,https://taphuan.nxbgd.vn/tap-huan/doc-sach/sgk-tin-hoc-8.4700157933,4700157933,0041,https://cdn3.olm.vn/upload/taphuan/4700157933-page-41-1775791096931.png,experiments/20260705_215045/source_scope/raw_page_images/SGK_TIN8/page_0041.png,592892,downloaded,Ảnh raw đã lưu để bảo toàn nguồn SGK Tin học THCS; chưa xử lý trong P02 bản thu gọn.
LM-SGK-TIN8-4700157933,SGK Tin học 8,8,https://taphuan.nxbgd.vn/tap-huan/doc-sach/sgk-tin-hoc-8.4700157933,4700157933,0042,https://cdn3.olm.vn/upload/taphuan/4700157933-page-42-1775791097325.png,experiments/20260705_215045/source_scope/raw_page_images/SGK_TIN8/page_0042.png,581048,downloaded,Ảnh raw đã lưu để bảo toàn nguồn SGK Tin học THCS; chưa xử lý trong P02 bản thu gọn.
LM-SGK-TIN8-4700157933,SGK Tin học 8,8,https://taphuan.nxbgd.vn/tap-huan/doc-sach/sgk-tin-hoc-8.4700157933,4700157933,0043,https://cdn3.olm.vn/upload/taphuan/4700157933-page-43-1775791097661.png,experiments/20260705_215045/source_scope/raw_page_images/SGK_TIN8/page_0043.png,724779,downloaded,Ảnh raw đã lưu để bảo toàn nguồn SGK Tin học THCS; chưa xử lý trong P02 bản thu gọn.
LM-SGK-TIN8-4700157933,SGK Tin học 8,8,https://taphuan.nxbgd.vn/tap-huan/doc-sach/sgk-tin-hoc-8.4700157933,4700157933,0044,https://cdn3.olm.vn/upload/taphuan/4700157933-page-44-1775791097984.png,experiments/20260705_215045/source_scope/raw_page_images/SGK_TIN8/page_0044.png,681121,downloaded,Ảnh raw đã lưu để bảo toàn nguồn SGK Tin học THCS; chưa xử lý trong P02 bản thu gọn.
LM-SGK-TIN8-4700157933,SGK Tin học 8,8,https://taphuan.nxbgd.vn/tap-huan/doc-sach/sgk-tin-hoc-8.4700157933,4700157933,0045,https://cdn3.olm.vn/upload/taphuan/4700157933-page-45-1775791098308.png,experiments/20260705_215045/source_scope/raw_page_images/SGK_TIN8/page_0045.png,480073,downloaded,Ảnh raw đã lưu để bảo toàn nguồn SGK Tin học THCS; chưa xử lý trong P02 bản thu gọn.
LM-SGK-TIN8-4700157933,SGK Tin học 8,8,https://taphuan.nxbgd.vn/tap-huan/doc-sach/sgk-tin-hoc-8.4700157933,4700157933,0046,https://cdn3.olm.vn/upload/taphuan/4700157933-page-46-1775791098663.png,experiments/20260705_215045/source_scope/raw_page_images/SGK_TIN8/page_0046.png,407566,downloaded,Ảnh raw đã lưu để bảo toàn nguồn SGK Tin học THCS; chưa xử lý trong P02 bản thu gọn.
LM-SGK-TIN8-4700157933,SGK Tin học 8,8,https://taphuan.nxbgd.vn/tap-huan/doc-sach/sgk-tin-hoc-8.4700157933,4700157933,0047,https://cdn3.olm.vn/upload/taphuan/4700157933-page-47-1775791099013.png,experiments/20260705_215045/source_scope/raw_page_images/SGK_TIN8/page_0047.png,1089649,downloaded,Ảnh raw đã lưu để bảo toàn nguồn SGK Tin học THCS; chưa xử lý trong P02 bản thu gọn.
LM-SGK-TIN8-4700157933,SGK Tin học 8,8,https://taphuan.nxbgd.vn/tap-huan/doc-sach/sgk-tin-hoc-8.4700157933,4700157933,0048,https://cdn3.olm.vn/upload/taphuan/4700157933-page-48-1775791099353.png,experiments/20260705_215045/source_scope/raw_page_images/SGK_TIN8/page_0048.png,708775,downloaded,Ảnh raw đã lưu để bảo toàn nguồn SGK Tin học THCS; chưa xử lý trong P02 bản thu gọn.
LM-SGK-TIN8-4700157933,SGK Tin học 8,8,https://taphuan.nxbgd.vn/tap-huan/doc-sach/sgk-tin-hoc-8.4700157933,4700157933,0049,https://cdn3.olm.vn/upload/taphuan/4700157933-page-49-1775791099689.png,experiments/20260705_215045/source_scope/raw_page_images/SGK_TIN8/page_0049.png,887863,downloaded,Ảnh raw đã lưu để bảo toàn nguồn SGK Tin học THCS; chưa xử lý trong P02 bản thu gọn.
LM-SGK-TIN8-4700157933,SGK Tin học 8,8,https://taphuan.nxbgd.vn/tap-huan/doc-sach/sgk-tin-hoc-8.4700157933,4700157933,0050,https://cdn3.olm.vn/upload/taphuan/4700157933-page-50-1775791100021.png,experiments/20260705_215045/source_scope/raw_page_images/SGK_TIN8/page_0050.png,440245,downloaded,Ảnh raw đã lưu để bảo toàn nguồn SGK Tin học THCS; chưa xử lý trong P02 bản thu gọn.
LM-SGK-TIN8-4700157933,SGK Tin học 8,8,https://taphuan.nxbgd.vn/tap-huan/doc-sach/sgk-tin-hoc-8.4700157933,4700157933,0051,https://cdn3.olm.vn/upload/taphuan/4700157933-page-51-1775791100340.png,experiments/20260705_215045/source_scope/raw_page_images/SGK_TIN8/page_0051.png,600728,downloaded,Ảnh raw đã lưu để bảo toàn nguồn SGK Tin học THCS; chưa xử lý trong P02 bản thu gọn.
LM-SGK-TIN8-4700157933,SGK Tin học 8,8,https://taphuan.nxbgd.vn/tap-huan/doc-sach/sgk-tin-hoc-8.4700157933,4700157933,0052,https://cdn3.olm.vn/upload/taphuan/4700157933-page-52-1775791100705.png,experiments/20260705_215045/source_scope/raw_page_images/SGK_TIN8/page_0052.png,745066,downloaded,Ảnh raw đã lưu để bảo toàn nguồn SGK Tin học THCS; chưa xử lý trong P02 bản thu gọn.
LM-SGK-TIN8-4700157933,SGK Tin học 8,8,https://taphuan.nxbgd.vn/tap-huan/doc-sach/sgk-tin-hoc-8.4700157933,4700157933,0053,https://cdn3.olm.vn/upload/taphuan/4700157933-page-53-1775791101110.png,experiments/20260705_215045/source_scope/raw_page_images/SGK_TIN8/page_0053.png,1000116,downloaded,Ảnh raw đã lưu để bảo toàn nguồn SGK Tin học THCS; chưa xử lý trong P02 bản thu gọn.
LM-SGK-TIN8-4700157933,SGK Tin học 8,8,https://taphuan.nxbgd.vn/tap-huan/doc-sach/sgk-tin-hoc-8.4700157933,4700157933,0054,https://cdn3.olm.vn/upload/taphuan/4700157933-page-54-1775791101455.png,experiments/20260705_215045/source_scope/raw_page_images/SGK_TIN8/page_0054.png,583305,downloaded,Ảnh raw đã lưu để bảo toàn nguồn SGK Tin học THCS; chưa xử lý trong P02 bản thu gọn.
LM-SGK-TIN8-4700157933,SGK Tin học 8,8,https://taphuan.nxbgd.vn/tap-huan/doc-sach/sgk-tin-hoc-8.4700157933,4700157933,0055,https://cdn3.olm.vn/upload/taphuan/4700157933-page-55-1775791101808.png,experiments/20260705_215045/source_scope/raw_page_images/SGK_TIN8/page_0055.png,604936,downloaded,Ảnh raw đã lưu để bảo toàn nguồn SGK Tin học THCS; chưa xử lý trong P02 bản thu gọn.
LM-SGK-TIN8-4700157933,SGK Tin học 8,8,https://taphuan.nxbgd.vn/tap-huan/doc-sach/sgk-tin-hoc-8.4700157933,4700157933,0056,https://cdn3.olm.vn/upload/taphuan/4700157933-page-56-1775791102139.png,experiments/20260705_215045/source_scope/raw_page_images/SGK_TIN8/page_0056.png,527261,downloaded,Ảnh raw đã lưu để bảo toàn nguồn SGK Tin học THCS; chưa xử lý trong P02 bản thu gọn.
LM-SGK-TIN8-4700157933,SGK Tin học 8,8,https://taphuan.nxbgd.vn/tap-huan/doc-sach/sgk-tin-hoc-8.4700157933,4700157933,0057,https://cdn3.olm.vn/upload/taphuan/4700157933-page-57-1775791102483.png,experiments/20260705_215045/source_scope/raw_page_images/SGK_TIN8/page_0057.png,579667,downloaded,Ảnh raw đã lưu để bảo toàn nguồn SGK Tin học THCS; chưa xử lý trong P02 bản thu gọn.
LM-SGK-TIN8-4700157933,SGK Tin học 8,8,https://taphuan.nxbgd.vn/tap-huan/doc-sach/sgk-tin-hoc-8.4700157933,4700157933,0058,https://cdn3.olm.vn/upload/taphuan/4700157933-page-58-1775791102857.png,experiments/20260705_215045/source_scope/raw_page_images/SGK_TIN8/page_0058.png,994532,downloaded,Ảnh raw đã lưu để bảo toàn nguồn SGK Tin học THCS; chưa xử lý trong P02 bản thu gọn.
LM-SGK-TIN8-4700157933,SGK Tin học 8,8,https://taphuan.nxbgd.vn/tap-huan/doc-sach/sgk-tin-hoc-8.4700157933,4700157933,0059,https://cdn3.olm.vn/upload/taphuan/4700157933-page-59-1775791103223.png,experiments/20260705_215045/source_scope/raw_page_images/SGK_TIN8/page_0059.png,753497,downloaded,Ảnh raw đã lưu để bảo toàn nguồn SGK Tin học THCS; chưa xử lý trong P02 bản thu gọn.
LM-SGK-TIN8-4700157933,SGK Tin học 8,8,https://taphuan.nxbgd.vn/tap-huan/doc-sach/sgk-tin-hoc-8.4700157933,4700157933,0060,https://cdn3.olm.vn/upload/taphuan/4700157933-page-60-1775791103574.png,experiments/20260705_215045/source_scope/raw_page_images/SGK_TIN8/page_0060.png,733962,downloaded,Ảnh raw đã lưu để bảo toàn nguồn SGK Tin học THCS; chưa xử lý trong P02 bản thu gọn.
LM-SGK-TIN8-4700157933,SGK Tin học 8,8,https://taphuan.nxbgd.vn/tap-huan/doc-sach/sgk-tin-hoc-8.4700157933,4700157933,0061,https://cdn3.olm.vn/upload/taphuan/4700157933-page-61-1775791103910.png,experiments/20260705_215045/source_scope/raw_page_images/SGK_TIN8/page_0061.png,806502,downloaded,Ảnh raw đã lưu để bảo toàn nguồn SGK Tin học THCS; chưa xử lý trong P02 bản thu gọn.
LM-SGK-TIN8-4700157933,SGK Tin học 8,8,https://taphuan.nxbgd.vn/tap-huan/doc-sach/sgk-tin-hoc-8.4700157933,4700157933,0062,https://cdn3.olm.vn/upload/taphuan/4700157933-page-62-1775791104241.png,experiments/20260705_215045/source_scope/raw_page_images/SGK_TIN8/page_0062.png,610491,downloaded,Ảnh raw đã lưu để bảo toàn nguồn SGK Tin học THCS; chưa xử lý trong P02 bản thu gọn.
LM-SGK-TIN8-4700157933,SGK Tin học 8,8,https://taphuan.nxbgd.vn/tap-huan/doc-sach/sgk-tin-hoc-8.4700157933,4700157933,0063,https://cdn3.olm.vn/upload/taphuan/4700157933-page-63-1775791104568.png,experiments/20260705_215045/source_scope/raw_page_images/SGK_TIN8/page_0063.png,1005291,downloaded,Ảnh raw đã lưu để bảo toàn nguồn SGK Tin học THCS; chưa xử lý trong P02 bản thu gọn.
LM-SGK-TIN8-4700157933,SGK Tin học 8,8,https://taphuan.nxbgd.vn/tap-huan/doc-sach/sgk-tin-hoc-8.4700157933,4700157933,0064,https://cdn3.olm.vn/upload/taphuan/4700157933-page-64-1775791104913.png,experiments/20260705_215045/source_scope/raw_page_images/SGK_TIN8/page_0064.png,861741,downloaded,Ảnh raw đã lưu để bảo toàn nguồn SGK Tin học THCS; chưa xử lý trong P02 bản thu gọn.
LM-SGK-TIN8-4700157933,SGK Tin học 8,8,https://taphuan.nxbgd.vn/tap-huan/doc-sach/sgk-tin-hoc-8.4700157933,4700157933,0065,https://cdn3.olm.vn/upload/taphuan/4700157933-page-65-1775791105251.png,experiments/20260705_215045/source_scope/raw_page_images/SGK_TIN8/page_0065.png,689444,downloaded,Ảnh raw đã lưu để bảo toàn nguồn SGK Tin học THCS; chưa xử lý trong P02 bản thu gọn.
LM-SGK-TIN8-4700157933,SGK Tin học 8,8,https://taphuan.nxbgd.vn/tap-huan/doc-sach/sgk-tin-hoc-8.4700157933,4700157933,0066,https://cdn3.olm.vn/upload/taphuan/4700157933-page-66-1775791105598.png,experiments/20260705_215045/source_scope/raw_page_images/SGK_TIN8/page_0066.png,706729,downloaded,Ảnh raw đã lưu để bảo toàn nguồn SGK Tin học THCS; chưa xử lý trong P02 bản thu gọn.
LM-SGK-TIN8-4700157933,SGK Tin học 8,8,https://taphuan.nxbgd.vn/tap-huan/doc-sach/sgk-tin-hoc-8.4700157933,4700157933,0067,https://cdn3.olm.vn/upload/taphuan/4700157933-page-67-1775791105991.png,experiments/20260705_215045/source_scope/raw_page_images/SGK_TIN8/page_0067.png,838759,downloaded,Ảnh raw đã lưu để bảo toàn nguồn SGK Tin học THCS; chưa xử lý trong P02 bản thu gọn.
LM-SGK-TIN8-4700157933,SGK Tin học 8,8,https://taphuan.nxbgd.vn/tap-huan/doc-sach/sgk-tin-hoc-8.4700157933,4700157933,0068,https://cdn3.olm.vn/upload/taphuan/4700157933-page-68-1775791106357.png,experiments/20260705_215045/source_scope/raw_page_images/SGK_TIN8/page_0068.png,907179,downloaded,Ảnh raw đã lưu để bảo toàn nguồn SGK Tin học THCS; chưa xử lý trong P02 bản thu gọn.
LM-SGK-TIN8-4700157933,SGK Tin học 8,8,https://taphuan.nxbgd.vn/tap-huan/doc-sach/sgk-tin-hoc-8.4700157933,4700157933,0069,https://cdn3.olm.vn/upload/taphuan/4700157933-page-69-1775791106732.png,experiments/20260705_215045/source_scope/raw_page_images/SGK_TIN8/page_0069.png,876862,downloaded,Ảnh raw đã lưu để bảo toàn nguồn SGK Tin học THCS; chưa xử lý trong P02 bản thu gọn.
LM-SGK-TIN8-4700157933,SGK Tin học 8,8,https://taphuan.nxbgd.vn/tap-huan/doc-sach/sgk-tin-hoc-8.4700157933,4700157933,0070,https://cdn3.olm.vn/upload/taphuan/4700157933-page-70-1775791107087.png,experiments/20260705_215045/source_scope/raw_page_images/SGK_TIN8/page_0070.png,968130,downloaded,Ảnh raw đã lưu để bảo toàn nguồn SGK Tin học THCS; chưa xử lý trong P02 bản thu gọn.
LM-SGK-TIN8-4700157933,SGK Tin học 8,8,https://taphuan.nxbgd.vn/tap-huan/doc-sach/sgk-tin-hoc-8.4700157933,4700157933,0071,https://cdn3.olm.vn/upload/taphuan/4700157933-page-71-1775791107431.png,experiments/20260705_215045/source_scope/raw_page_images/SGK_TIN8/page_0071.png,710137,downloaded,Ảnh raw đã lưu để bảo toàn nguồn SGK Tin học THCS; chưa xử lý trong P02 bản thu gọn.
LM-SGK-TIN8-4700157933,SGK Tin học 8,8,https://taphuan.nxbgd.vn/tap-huan/doc-sach/sgk-tin-hoc-8.4700157933,4700157933,0072,https://cdn3.olm.vn/upload/taphuan/4700157933-page-72-1775791107770.png,experiments/20260705_215045/source_scope/raw_page_images/SGK_TIN8/page_0072.png,659895,downloaded,Ảnh raw đã lưu để bảo toàn nguồn SGK Tin học THCS; chưa xử lý trong P02 bản thu gọn.
LM-SGK-TIN8-4700157933,SGK Tin học 8,8,https://taphuan.nxbgd.vn/tap-huan/doc-sach/sgk-tin-hoc-8.4700157933,4700157933,0073,https://cdn3.olm.vn/upload/taphuan/4700157933-page-73-1775791108115.png,experiments/20260705_215045/source_scope/raw_page_images/SGK_TIN8/page_0073.png,698681,downloaded,Ảnh raw đã lưu để bảo toàn nguồn SGK Tin học THCS; chưa xử lý trong P02 bản thu gọn.
LM-SGK-TIN8-4700157933,SGK Tin học 8,8,https://taphuan.nxbgd.vn/tap-huan/doc-sach/sgk-tin-hoc-8.4700157933,4700157933,0074,https://cdn3.olm.vn/upload/taphuan/4700157933-page-74-1775791108456.png,experiments/20260705_215045/source_scope/raw_page_images/SGK_TIN8/page_0074.png,586302,downloaded,Ảnh raw đã lưu để bảo toàn nguồn SGK Tin học THCS; chưa xử lý trong P02 bản thu gọn.
LM-SGK-TIN8-4700157933,SGK Tin học 8,8,https://taphuan.nxbgd.vn/tap-huan/doc-sach/sgk-tin-hoc-8.4700157933,4700157933,0075,https://cdn3.olm.vn/upload/taphuan/4700157933-page-75-1775791108783.png,experiments/20260705_215045/source_scope/raw_page_images/SGK_TIN8/page_0075.png,596812,downloaded,Ảnh raw đã lưu để bảo toàn nguồn SGK Tin học THCS; chưa xử lý trong P02 bản thu gọn.
LM-SGK-TIN8-4700157933,SGK Tin học 8,8,https://taphuan.nxbgd.vn/tap-huan/doc-sach/sgk-tin-hoc-8.4700157933,4700157933,0076,https://cdn3.olm.vn/upload/taphuan/4700157933-page-76-1775791109111.png,experiments/20260705_215045/source_scope/raw_page_images/SGK_TIN8/page_0076.png,601379,downloaded,Ảnh raw đã lưu để bảo toàn nguồn SGK Tin học THCS; chưa xử lý trong P02 bản thu gọn.
LM-SGK-TIN8-4700157933,SGK Tin học 8,8,https://taphuan.nxbgd.vn/tap-huan/doc-sach/sgk-tin-hoc-8.4700157933,4700157933,0077,https://cdn3.olm.vn/upload/taphuan/4700157933-page-77-1775791109453.png,experiments/20260705_215045/source_scope/raw_page_images/SGK_TIN8/page_0077.png,804444,downloaded,Ảnh raw đã lưu để bảo toàn nguồn SGK Tin học THCS; chưa xử lý trong P02 bản thu gọn.
LM-SGK-TIN8-4700157933,SGK Tin học 8,8,https://taphuan.nxbgd.vn/tap-huan/doc-sach/sgk-tin-hoc-8.4700157933,4700157933,0078,https://cdn3.olm.vn/upload/taphuan/4700157933-page-78-1775791109796.png,experiments/20260705_215045/source_scope/raw_page_images/SGK_TIN8/page_0078.png,971555,downloaded,Ảnh raw đã lưu để bảo toàn nguồn SGK Tin học THCS; chưa xử lý trong P02 bản thu gọn.
LM-SGK-TIN8-4700157933,SGK Tin học 8,8,https://taphuan.nxbgd.vn/tap-huan/doc-sach/sgk-tin-hoc-8.4700157933,4700157933,0079,https://cdn3.olm.vn/upload/taphuan/4700157933-page-79-1775791110133.png,experiments/20260705_215045/source_scope/raw_page_images/SGK_TIN8/page_0079.png,1015087,downloaded,Ảnh raw đã lưu để bảo toàn nguồn SGK Tin học THCS; chưa xử lý trong P02 bản thu gọn.
LM-SGK-TIN8-4700157933,SGK Tin học 8,8,https://taphuan.nxbgd.vn/tap-huan/doc-sach/sgk-tin-hoc-8.4700157933,4700157933,0080,https://cdn3.olm.vn/upload/taphuan/4700157933-page-80-1775791110488.png,experiments/20260705_215045/source_scope/raw_page_images/SGK_TIN8/page_0080.png,799673,downloaded,Ảnh raw đã lưu để bảo toàn nguồn SGK Tin học THCS; chưa xử lý trong P02 bản thu gọn.
LM-SGK-TIN8-4700157933,SGK Tin học 8,8,https://taphuan.nxbgd.vn/tap-huan/doc-sach/sgk-tin-hoc-8.4700157933,4700157933,0081,https://cdn3.olm.vn/upload/taphuan/4700157933-page-81-1775791110814.png,experiments/20260705_215045/source_scope/raw_page_images/SGK_TIN8/page_0081.png,656250,downloaded,Ảnh raw đã lưu để bảo toàn nguồn SGK Tin học THCS; chưa xử lý trong P02 bản thu gọn.
LM-SGK-TIN8-4700157933,SGK Tin học 8,8,https://taphuan.nxbgd.vn/tap-huan/doc-sach/sgk-tin-hoc-8.4700157933,4700157933,0082,https://cdn3.olm.vn/upload/taphuan/4700157933-page-82-1775791111190.png,experiments/20260705_215045/source_scope/raw_page_images/SGK_TIN8/page_0082.png,938705,downloaded,Ảnh raw đã lưu để bảo toàn nguồn SGK Tin học THCS; chưa xử lý trong P02 bản thu gọn.
LM-SGK-TIN8-4700157933,SGK Tin học 8,8,https://taphuan.nxbgd.vn/tap-huan/doc-sach/sgk-tin-hoc-8.4700157933,4700157933,0083,https://cdn3.olm.vn/upload/taphuan/4700157933-page-83-1775791111543.png,experiments/20260705_215045/source_scope/raw_page_images/SGK_TIN8/page_0083.png,664642,downloaded,Ảnh raw đã lưu để bảo toàn nguồn SGK Tin học THCS; chưa xử lý trong P02 bản thu gọn.
LM-SGK-TIN8-4700157933,SGK Tin học 8,8,https://taphuan.nxbgd.vn/tap-huan/doc-sach/sgk-tin-hoc-8.4700157933,4700157933,0084,https://cdn3.olm.vn/upload/taphuan/4700157933-page-84-1775791111904.png,experiments/20260705_215045/source_scope/raw_page_images/SGK_TIN8/page_0084.png,505916,downloaded,Ảnh raw đã lưu để bảo toàn nguồn SGK Tin học THCS; chưa xử lý trong P02 bản thu gọn.
LM-SGK-TIN8-4700157933,SGK Tin học 8,8,https://taphuan.nxbgd.vn/tap-huan/doc-sach/sgk-tin-hoc-8.4700157933,4700157933,0085,https://cdn3.olm.vn/upload/taphuan/4700157933-page-85-1775791112249.png,experiments/20260705_215045/source_scope/raw_page_images/SGK_TIN8/page_0085.png,545773,downloaded,Ảnh raw đã lưu để bảo toàn nguồn SGK Tin học THCS; chưa xử lý trong P02 bản thu gọn.
LM-SGK-TIN8-4700157933,SGK Tin học 8,8,https://taphuan.nxbgd.vn/tap-huan/doc-sach/sgk-tin-hoc-8.4700157933,4700157933,0086,https://cdn3.olm.vn/upload/taphuan/4700157933-page-86-1775791112603.png,experiments/20260705_215045/source_scope/raw_page_images/SGK_TIN8/page_0086.png,854293,downloaded,Ảnh raw đã lưu để bảo toàn nguồn SGK Tin học THCS; chưa xử lý trong P02 bản thu gọn.
LM-SGK-TIN8-4700157933,SGK Tin học 8,8,https://taphuan.nxbgd.vn/tap-huan/doc-sach/sgk-tin-hoc-8.4700157933,4700157933,0087,https://cdn3.olm.vn/upload/taphuan/4700157933-page-87-1775791112942.png,experiments/20260705_215045/source_scope/raw_page_images/SGK_TIN8/page_0087.png,666108,downloaded,Ảnh raw đã lưu để bảo toàn nguồn SGK Tin học THCS; chưa xử lý trong P02 bản thu gọn.
LM-SGK-TIN8-4700157933,SGK Tin học 8,8,https://taphuan.nxbgd.vn/tap-huan/doc-sach/sgk-tin-hoc-8.4700157933,4700157933,0088,https://cdn3.olm.vn/upload/taphuan/4700157933-page-88-1775791113285.png,experiments/20260705_215045/source_scope/raw_page_images/SGK_TIN8/page_0088.png,682112,downloaded,Ảnh raw đã lưu để bảo toàn nguồn SGK Tin học THCS; chưa xử lý trong P02 bản thu gọn.
LM-SGK-TIN8-4700157933,SGK Tin học 8,8,https://taphuan.nxbgd.vn/tap-huan/doc-sach/sgk-tin-hoc-8.4700157933,4700157933,0089,https://cdn3.olm.vn/upload/taphuan/4700157933-page-89-1775791113628.png,experiments/20260705_215045/source_scope/raw_page_images/SGK_TIN8/page_0089.png,1018813,downloaded,Ảnh raw đã lưu để bảo toàn nguồn SGK Tin học THCS; chưa xử lý trong P02 bản thu gọn.
LM-SGK-TIN8-4700157933,SGK Tin học 8,8,https://taphuan.nxbgd.vn/tap-huan/doc-sach/sgk-tin-hoc-8.4700157933,4700157933,0090,https://cdn3.olm.vn/upload/taphuan/4700157933-page-90-1775791113982.png,experiments/20260705_215045/source_scope/raw_page_images/SGK_TIN8/page_0090.png,662941,downloaded,Ảnh raw đã lưu để bảo toàn nguồn SGK Tin học THCS; chưa xử lý trong P02 bản thu gọn.
LM-SGK-TIN8-4700157933,SGK Tin học 8,8,https://taphuan.nxbgd.vn/tap-huan/doc-sach/sgk-tin-hoc-8.4700157933,4700157933,0091,https://cdn3.olm.vn/upload/taphuan/4700157933-page-91-1775791114335.png,experiments/20260705_215045/source_scope/raw_page_images/SGK_TIN8/page_0091.png,736678,downloaded,Ảnh raw đã lưu để bảo toàn nguồn SGK Tin học THCS; chưa xử lý trong P02 bản thu gọn.
LM-SGK-TIN8-4700157933,SGK Tin học 8,8,https://taphuan.nxbgd.vn/tap-huan/doc-sach/sgk-tin-hoc-8.4700157933,4700157933,0092,https://cdn3.olm.vn/upload/taphuan/4700157933-page-92-1775791114718.png,experiments/20260705_215045/source_scope/raw_page_images/SGK_TIN8/page_0092.png,650660,downloaded,Ảnh raw đã lưu để bảo toàn nguồn SGK Tin học THCS; chưa xử lý trong P02 bản thu gọn.
LM-SGK-TIN8-4700157933,SGK Tin học 8,8,https://taphuan.nxbgd.vn/tap-huan/doc-sach/sgk-tin-hoc-8.4700157933,4700157933,0093,https://cdn3.olm.vn/upload/taphuan/4700157933-page-93-1775791115050.png,experiments/20260705_215045/source_scope/raw_page_images/SGK_TIN8/page_0093.png,757117,downloaded,Ảnh raw đã lưu để bảo toàn nguồn SGK Tin học THCS; chưa xử lý trong P02 bản thu gọn.
LM-SGK-TIN8-4700157933,SGK Tin học 8,8,https://taphuan.nxbgd.vn/tap-huan/doc-sach/sgk-tin-hoc-8.4700157933,4700157933,0094,https://cdn3.olm.vn/upload/taphuan/4700157933-page-94-1775791115424.png,experiments/20260705_215045/source_scope/raw_page_images/SGK_TIN8/page_0094.png,711305,downloaded,Ảnh raw đã lưu để bảo toàn nguồn SGK Tin học THCS; chưa xử lý trong P02 bản thu gọn.
LM-SGK-TIN8-4700157933,SGK Tin học 8,8,https://taphuan.nxbgd.vn/tap-huan/doc-sach/sgk-tin-hoc-8.4700157933,4700157933,0095,https://cdn3.olm.vn/upload/taphuan/4700157933-page-95-1775791115781.png,experiments/20260705_215045/source_scope/raw_page_images/SGK_TIN8/page_0095.png,885873,downloaded,Ảnh raw đã lưu để bảo toàn nguồn SGK Tin học THCS; chưa xử lý trong P02 bản thu gọn.
LM-SGK-TIN8-4700157933,SGK Tin học 8,8,https://taphuan.nxbgd.vn/tap-huan/doc-sach/sgk-tin-hoc-8.4700157933,4700157933,0096,https://cdn3.olm.vn/upload/taphuan/4700157933-page-96-1775791116126.png,experiments/20260705_215045/source_scope/raw_page_images/SGK_TIN8/page_0096.png,753735,downloaded,Ảnh raw đã lưu để bảo toàn nguồn SGK Tin học THCS; chưa xử lý trong P02 bản thu gọn.
LM-SGK-TIN8-4700157933,SGK Tin học 8,8,https://taphuan.nxbgd.vn/tap-huan/doc-sach/sgk-tin-hoc-8.4700157933,4700157933,0097,https://cdn3.olm.vn/upload/taphuan/4700157933-page-97-1775791116448.png,experiments/20260705_215045/source_scope/raw_page_images/SGK_TIN8/page_0097.png,250203,downloaded,Ảnh raw đã lưu để bảo toàn nguồn SGK Tin học THCS; chưa xử lý trong P02 bản thu gọn.
LM-SGK-TIN8-4700157933,SGK Tin học 8,8,https://taphuan.nxbgd.vn/tap-huan/doc-sach/sgk-tin-hoc-8.4700157933,4700157933,0098,https://cdn3.olm.vn/upload/taphuan/4700157933-page-98-1775791116817.png,experiments/20260705_215045/source_scope/raw_page_images/SGK_TIN8/page_0098.png,743973,downloaded,Ảnh raw đã lưu để bảo toàn nguồn SGK Tin học THCS; chưa xử lý trong P02 bản thu gọn.
