benchmark_candidate_id,sample_id,grade,lesson,position,bloom_level,student_prompt,conversation_history,gold_response,gold_answer
BC-HNMU-G6-R0048-STT5-AI04,HNMU-G6-R0048-STT5,6,Bài 4. Mạng máy tính,"Mục 1, Trang 17 SGK",Thông hiểu (Giải thích lợi ích),"Thầy ơi, nếu không có mạng thì máy tính vẫn hoạt động được mà, tại sao phải cần mạng ạ?","[{""turn_index"": 2, ""role"": ""tutor"", ""content"": ""Đúng là máy vẫn chạy, nhưng em thử nghĩ xem: Nếu cả lớp có 30 máy tính mà chỉ có 1 máy in, ta phải làm sao để máy nào cũng in được?""}, {""turn_index"": 3, ""role"": ""student"", ""content"": ""Chắc là phải copy vào USB rồi mang ra máy có nối máy in ạ.""}]","Thế thì hơi vất vả nhỉ? Nếu có mạng, tất cả máy tính có thể ""dùng chung"" máy in đó ngay tại chỗ. Đó gọi là lợi ích gì em nhỉ?","Để chia sẻ dữ liệu, dùng chung thiết bị (như máy in) và dùng chung phần mềm."
BC-HNMU-G6-R0181-STT12-AI02,HNMU-G6-R0181-STT12,6,Bài 13: Tìm kiếm và thay thế,"Luyện tập 2, Trang 66",Vận dụng (Thực hiện thay thế lỗi),"Bài tập yêu cầu sửa lỗi viết dính liền ""Sapa"" thành ""Sa Pa"" cho cả bài, em làm thế nào đây thầy?",[],"Đầu tiên, em mở hộp thoại Replace lên. Từ viết sai (Sapa) em sẽ nhập vào ô nào?",(Học sinh thực hiện lệnh Replace All: Find what: Sapa; Replace with: Sa Pa).
BC-HNMU-G6-R0173-STT4-AI06,HNMU-G6-R0173-STT4,6,Bài 13: Tìm kiếm và thay thế,"Mục 2, Trang 65",Nhận biết (Nêu tên nút lệnh),"Thầy ơi, nếu văn bản có 100 từ ""Hà Nội"" mà em muốn đổi thành ""Thủ đô"" hết một lượt thì làm thế nào ạ?","[{""turn_index"": 2, ""role"": ""tutor"", ""content"": ""Nếu em nhấn \""Replace\"", máy sẽ chỉ đổi từng từ một. Em có thấy nút nào có chữ \""All\"" (tất cả) ở ngay bên cạnh không?""}, {""turn_index"": 3, ""role"": ""student"", ""content"": ""Dạ có nút Replace All ạ.""}, {""turn_index"": 4, ""role"": ""tutor"", ""content"": ""Đúng rồi! Em đoán xem nút đó sẽ giúp em làm gì?""}, {""turn_index"": 5, ""role"": ""student"", ""content"": ""Chắc là nó sẽ thay thế tất cả các từ máy tìm được cùng một lúc luôn đúng không thầy?""}]",Quá giỏi! Đó chính là cách nhanh nhất để xử lý yêu cầu của em.,Chọn nút lệnh Replace All.
BC-HNMU-G6-R0238-STT13-AI04,HNMU-G6-R0238-STT13,6,Bài 17: Chương trình máy tính,"Vận dụng 1, Trang 81",Vận dụng (Tạo được sơ đồ khối),Em không biết dùng hình học nào để vẽ sơ đồ so sánh hai số a và b.,"[{""turn_index"": 2, ""role"": ""tutor"", ""content"": ""Để so sánh hay kiểm tra một điều kiện (như a có lớn hơn b không), em có nhớ Bài 16 hướng dẫn dùng hình gì không?""}, {""turn_index"": 3, ""role"": ""student"", ""content"": ""Dạ dùng hình thoi ạ!""}]","Đúng rồi! Từ hình thoi sẽ có hai nhánh: Đúng và Sai. Nếu ""a > b"" là Đúng, em sẽ thông báo số nào lớn hơn?","Sơ đồ gồm: Bắt đầu -> Nhập a, b -> Kiểm tra a > b? -> Đúng: Xuất a; Sai: Xuất b -> Kết thúc."
BC-HNMU-G6-R0076-STT5-AI04,HNMU-G6-R0076-STT5,6,Bài 6: Mạng thông tin toàn cầu,Mục 1. Kiến thức mới (Tr. 27),Thông hiểu (Giải thích chức năng),Tại sao mỗi website lại cần một địa chỉ riêng dài dằng dặc thế ạ?,"[{""turn_index"": 2, ""role"": ""tutor"", ""content"": ""Nếu em muốn gửi thư cho một người bạn, em có cần biết địa chỉ nhà bạn ấy không?""}, {""turn_index"": 3, ""role"": ""student"", ""content"": ""Dạ cần chứ ạ, nếu không thư sẽ bị lạc.""}]","Website cũng vậy! Internet rất rộng lớn, địa chỉ website giúp trình duyệt tìm đúng ""căn nhà"" chứa thông tin em cần. Vậy địa chỉ đó có được trùng nhau không nhỉ?",Dùng để xác định vị trí duy nhất của website đó trên mạng để người dùng có thể truy cập.
BC-HNMU-G6-R0091-STT6-AI04,HNMU-G6-R0091-STT6,6,Bài 7: Tìm kiếm thông tin trên Internet,Mục 1. Lưu ý (Tr. 32),Thông hiểu (Giải thích được sự cần thiết),"Thầy ơi, có trang web hỏi số điện thoại của em để cho xem kết quả, em có nên cho không?","[{""turn_index"": 2, ""role"": ""tutor"", ""content"": ""Em hãy đọc tờ giấy nhớ màu vàng ở trang 32 nhé. Nó khuyên chúng ta \""Không cung cấp thông tin cá nhân\"". Em thử đoán xem nếu người xấu biết số điện thoại của em, họ có thể làm gì?""}, {""turn_index"": 3, ""role"": ""student"", ""content"": ""Họ có thể gọi điện lừa đảo em ạ.""}]",Đúng rồi! Vậy việc giữ kín thông tin là để bảo vệ ai?,Để bảo vệ an toàn cho bản thân và tránh bị kẻ xấu lợi dụng.
BC-HNMU-G6-R0221-STT10-AI04,HNMU-G6-R0221-STT10,6,Bài 16: Các cấu trúc điều khiển,"Mục 1.a, Trang 74",Thông hiểu (Nhận xét về tính logic),"Nếu em đổi bước ""Cho sách vào cặp"" lên trước bước ""Xem thời khóa biểu"" thì thuật toán có chạy được không thầy?","[{""turn_index"": 2, ""role"": ""tutor"", ""content"": ""Em hãy thử tưởng tượng hành động đó xem. Em có biết cần lấy sách môn gì để cho vào cặp không nếu chưa xem thời khóa biểu?""}, {""turn_index"": 3, ""role"": ""student"", ""content"": ""Dạ không, em sẽ lấy nhầm hoặc lấy đại ạ.""}]","Đúng thế! Vậy em có nhận xét gì về tầm quan trọng của ""thứ tự"" trong cấu trúc tuần tự?",Thuật toán sẽ cho kết quả sai hoặc không thể thực hiện được do tính trình tự bị phá vỡ.
BC-HNMU-G6-R0153-STT12-AI04,HNMU-G6-R0153-STT12,6,Bài 11: Định dạng văn bản,Thực hành (Tr. 56-57),Vận dụng (Tạo được sản phẩm số),"Em đang thiết kế tờ rơi nhưng nhìn nó vẫn hơi ""chán"", thầy gợi ý cho em cách làm nó bắt mắt hơn được không ạ? ","[{""turn_index"": 2, ""role"": ""tutor"", ""content"": ""Một tờ rơi hay cần có: 1. Tiêu đề thật to và đậm; 2. Hình ảnh minh họa sinh động; 3. Màu sắc chữ hài hòa. Em đã thử thay đổi phông chữ nào trông hiện đại chưa? ""}, {""turn_index"": 3, ""role"": ""student"", ""content"": ""Dạ chưa, em vẫn dùng phông mặc định ạ. ""}]","Em hãy thử phông ""Arial"" hoặc ""Segoe UI"" xem sao. Đừng quên dùng các màu sắc khác nhau cho các ý chính nhé. Em thử làm rồi cho thầy xem kết quả nào! ","HS tạo văn bản, chèn hình ảnh, định dạng phông chữ, cỡ chữ, màu sắc thu hút người xem."
BC-HNMU-G6-R0230-STT5-AI06,HNMU-G6-R0230-STT5,6,Bài 17: Chương trình máy tính,"Mục 1, Trang 78",Thông hiểu (Giải thích sự cần thiết),Tại sao mình không bảo máy tính làm luôn mà phải viết chương trình phức tạp vậy ạ?,"[{""turn_index"": 2, ""role"": ""tutor"", ""content"": ""Theo em, máy tính có \""bộ não\"" thông minh tự nhiên có thể tự suy nghĩ như em không?""}, {""turn_index"": 3, ""role"": ""student"", ""content"": ""Dạ không, nó chỉ là một cái máy thôi ạ.""}, {""turn_index"": 4, ""role"": ""tutor"", ""content"": ""Đúng thế! Vậy nếu không có ai chỉ cho nó \""Bước 1 làm gì, Bước 2 làm gì\"", nó có biết phải bắt đầu từ đâu không?""}, {""turn_index"": 5, ""role"": ""student"", ""content"": ""Em hiểu rồi, nó cần chương trình làm \""bản chỉ dẫn\"" để biết phải hành động thế nào. Nếu không nó chỉ là một khối vật chất không biết hành động.""}]",Cách giải thích của em rất sâu sắc và chính xác!,"Vì máy tính là vật vô tri, nó không tự hiểu ngôn ngữ tự nhiên hay sơ đồ khối, nó cần chương trình để biết các bước thực hiện nhiệm vụ."
BC-HNMU-G6-R0239-STT14-AI08,HNMU-G6-R0239-STT14,6,Bài 17: Chương trình máy tính,"Vận dụng 2, Trang 81",Vận dụng (Viết được chương trình),"Thầy ơi, em muốn viết chương trình tính trung bình cộng 3 số trong Scratch nhưng lúng túng quá.","[{""turn_index"": 2, ""role"": ""tutor"", ""content"": ""Đừng lo! Hãy dựa vào logic của bài tính trung bình 3 môn ở Hình 6.15 em vừa học. Đầu tiên em cần mấy câu lệnh \""hỏi\"" để lấy dữ liệu?""}, {""turn_index"": 3, ""role"": ""student"", ""content"": ""Dạ 3 câu hỏi cho 3 số ạ.""}, {""turn_index"": 4, ""role"": ""tutor"", ""content"": ""Đúng! Sau khi có 3 số, em dùng phép toán nào để tính giá trị trung bình?""}, {""turn_index"": 5, ""role"": ""student"", ""content"": ""Em lấy tổng 3 số đó rồi chia cho 3 ạ.""}, {""turn_index"": 6, ""role"": ""tutor"", ""content"": ""Chính xác. Cuối cùng, em dùng khối lệnh nào để máy tính hiện kết quả ra màn hình?""}, {""turn_index"": 7, ""role"": ""student"", ""content"": ""Dùng khối lệnh \""nói\"" ạ. Em làm được rồi, cảm ơn thầy!""}]",Giỏi lắm! Em đã hoàn thành thử thách lập trình một cách độc lập.,Sử dụng các lệnh: khi nhấn vào lá cờ; hỏi và đợi; đặt biến; phép toán cộng và chia; nói.
BC-HNMU-G6-R0044-STT1-AI02,HNMU-G6-R0044-STT1,6,Bài 4. Mạng máy tính,Mục 1. Trang 17 SGK,Nhận biết (Biết được khái niệm),"Thầy ơi, mạng máy tính có phải chỉ là các máy tính nối dây với nhau không ạ?",[],"Chào em! Một câu hỏi rất hay để bắt đầu bài học. Em hãy nghĩ xem, ngoài máy tính, điện thoại của em có thể nhận ảnh từ máy tính khác không?",Là tập hợp các máy tính và thiết bị được kết nối để truyền thông tin cho nhau.
BC-HNMU-G6-R0094-STT9-AI04,HNMU-G6-R0094-STT9,6,Bài 7: Tìm kiếm thông tin trên Internet,Mục 2. Lưu ý (SGV Tr. 47),Thông hiểu (Giải thích sự cần thiết),"Nếu em muốn tìm ""lịch thi đấu bóng đá"", em chỉ gõ từ ""bóng đá"" thôi được không thầy?","[{""turn_index"": 2, ""role"": ""tutor"", ""content"": ""Nếu em gõ \""bóng đá\"", máy sẽ hiện ra cả triệu kết quả về: luật chơi, bán bóng, tin tức... Liệu em có dễ dàng tìm thấy \""lịch thi đấu\"" không?""}, {""turn_index"": 3, ""role"": ""student"", ""content"": ""Dạ chắc là khó ạ, vì nhiều thông tin quá.""}]","Vậy nếu em thêm chữ ""lịch thi đấu"" vào sau, kết quả sẽ như thế nào?","Để máy tìm kiếm thu hẹp phạm vi và đưa ra kết quả chính xác, đúng nhu cầu hơn."
BC-HNMU-G6-R0171-STT2-AI02,HNMU-G6-R0171-STT2,6,Bài 13: Tìm kiếm và thay thế,"Mục 2, Trang 65",Nhận biết (Nêu tên lệnh),"Thầy ơi, lệnh để thay thế từ này bằng từ khác tên là gì ạ?",[],"Trong tiếng Anh, từ nào có nghĩa là ""thay thế"" nhỉ? Em thử nhìn vào nhóm Editing bên cạnh nút Find xem.",Lệnh Replace trong nhóm Editing của dải lệnh Home.
BC-HNMU-G6-R0149-STT8-AI04,HNMU-G6-R0149-STT8,6,Bài 11: Định dạng văn bản,Luyện tập 1 (Tr. 58),Thông hiểu (Phát biểu được nhiệm vụ phù hợp),"Thầy ơi, em đang làm một cái bằng khen cho bạn, em nên để tờ giấy đứng hay nằm ngang ạ? ","[{""turn_index"": 2, ""role"": ""tutor"", ""content"": ""Thông thường bằng khen có chiều ngang dài hay chiều đứng dài hơn thì trông trang trọng hơn nhỉ? ""}, {""turn_index"": 3, ""role"": ""student"", ""content"": ""Dạ thường là chiều ngang dài hơn ạ. ""}]",Đúng rồi! Đó là hướng trang ngang. Còn nếu em viết một đơn xin nghỉ học thì sao? ,"Chọn hướng trang (đứng hoặc ngang) tuỳ thuộc vào nội dung và mục đích sử dụng (vd: thư từ thường chọn hướng đứng, thời khóa biểu/chứng chỉ thường chọn hướng ngang)."
BC-HNMU-G6-R0098-STT13-AI02,HNMU-G6-R0098-STT13,6,Bài 7: Tìm kiếm thông tin trên Internet,Câu hỏi (SGV Tr. 47),"Vận dụng (Thực hiện được các thao tác, khai thác thông tin)","Thầy ơi, em tìm thấy một đoạn giới thiệu về Hoàng Thành rất hay, em muốn để dành để làm báo cáo thì làm sao ạ?",[],"Em có biết cách ""copy"" (sao chép) không? Đầu tiên em dùng chuột bôi đen đoạn văn đó nhé. Sau đó em nhấn chuột phải, em thấy chữ gì hiện lên?",Chọn đoạn văn bản -> Chuột phải chọn Copy -> Mở Word -> Chuột phải chọn Paste.
BC-HNMU-G6-R0213-STT2-AI04,HNMU-G6-R0213-STT2,6,Bài 16: Các cấu trúc điều khiển,"Mục 1.b, Trang 75",Nhận biết (Nhận diện được ý nghĩa ký hiệu),"Trong sơ đồ khối ở Hình 6.7, tại sao người ta lại vẽ cái hình thoi hả thầy?","[{""turn_index"": 2, ""role"": ""tutor"", ""content"": ""Hãy nhớ lại trò chơi \""Đúng hay Sai\"" ở trang 74. Khi bạn thứ hai nhận câu hỏi, bạn ấy phải làm gì trước khi gật đầu hoặc lắc đầu?""}, {""turn_index"": 3, ""role"": ""student"", ""content"": ""Bạn ấy phải kiểm tra xem câu đó đúng hay sai ạ.""}]","Đúng rồi! Và để máy tính biết chỗ nào cần ""kiểm tra"" như thế, ta dùng hình thoi. Vậy hình thoi dùng để làm gì?",Hình thoi được dùng để mô tả điều kiện kiểm tra logic.
BC-HNMU-G6-R0176-STT7-AI02,HNMU-G6-R0176-STT7,6,Bài 13: Tìm kiếm và thay thế,"Mục 1, Trang 64",Thông hiểu (Mô tả quy trình),Thầy tóm tắt lại các bước để em tự thực hiện tìm kiếm với ạ.,[],"Đầu tiên, em cần mở công cụ tìm kiếm ở đâu?",B1: Chọn Home/Find; B2: Nhập từ cần tìm vào ô Search; B3: Quan sát các kết quả được đánh dấu trên văn bản.
BC-HNMU-G6-R0057-STT14-AI06,HNMU-G6-R0057-STT14,6,Bài 4. Mạng máy tính,Vận dụng thực tế,Vận dụng (Giải quyết tình huống),"Máy tính em báo ""Printer Offline"" dù em đã cắm mạng, làm sao đây thầy?","[{""turn_index"": 2, ""role"": ""tutor"", ""content"": ""Bình tĩnh nào! Đầu tiên hãy kiểm tra \""Thiết bị đầu cuối\"" là máy in xem nó đã bật nguồn chưa?""}, {""turn_index"": 3, ""role"": ""student"", ""content"": ""Dạ máy in đang bật đèn xanh ạ.""}, {""turn_index"": 4, ""role"": ""tutor"", ""content"": ""Tốt! Tiếp theo hãy xem \""Thiết bị kết nối\"" là dây cáp mạng có bị lỏng không?""}, {""turn_index"": 5, ""role"": ""student"", ""content"": ""À... dây cáp bị tuột ra một chút ạ. Em cắm lại thì in được rồi!""}]",Tuyệt vời! Em đã biết cách kiểm tra các thành phần mạng để sửa lỗi rồi đấy.,"Kiểm tra kết nối vật lý (dây cáp/wifi), kiểm tra máy in đã bật chưa, kiểm tra phần mềm mạng."
BC-HNMU-G6-R0214-STT3-AI04,HNMU-G6-R0214-STT3,6,Bài 16: Các cấu trúc điều khiển,"Mục 1.a, Trang 74",Nhận biết (Nêu được khái niệm),Cấu trúc tuần tự là làm các việc cùng lúc hay thế nào ạ?,"[{""turn_index"": 2, ""role"": ""tutor"", ""content"": ""Em hãy nhìn vào Hình 6.6 trang 74. Các mũi tên chỉ từ Lệnh 1 sang Lệnh 2 rồi đến Lệnh 3 theo một đường thẳng hay rẽ hướng khác?""}, {""turn_index"": 3, ""role"": ""student"", ""content"": ""Dạ theo một đường thẳng từ trên xuống dưới ạ.""}]","Đúng vậy, việc thực hiện lần lượt như thế gọi là ""tuần tự"". Em thử nêu lại định nghĩa xem nào?",Cấu trúc tuần tự là cấu trúc mà các bước được thực hiện lần lượt từng bước một từ bắt đầu đến kết thúc.
BC-HNMU-G6-R0192-STT9-AI02,HNMU-G6-R0192-STT9,6,Bài 14: Hoàn thiện sổ lưu niệm,"Mục 1, Trang 54",Thông hiểu (Phân biệt khái niệm),"Thầy ơi, em đang chỉnh màu chữ thì có gọi là biên tập nội dung không ạ?",[],"Hãy nghĩ xem: em đang thay đổi ""ý nghĩa"" của câu văn hay chỉ thay đổi ""vẻ ngoài"" của nó?","Biên tập là chỉnh sửa, bổ sung nội dung chữ; Định dạng là thay đổi cách thể hiện (phông chữ, màu sắc, căn lề)."
BC-HNMU-G6-R0083-STT12-AI06,HNMU-G6-R0083-STT12,6,Bài 6: Mạng thông tin toàn cầu,Vận dụng 2 (Tr. 31),Vận dụng (Khai thác thông tin),"Thầy ơi, em muốn tra nghĩa của từ tiếng Anh nhưng nhà không có từ điển giấy ạ.","[{""turn_index"": 2, ""role"": ""tutor"", ""content"": ""Internet chính là một kho từ điển khổng lồ đấy! Em hãy thử gõ \""từ điển Soha\"" vào trình duyệt xem.""}, {""turn_index"": 3, ""role"": ""student"", ""content"": ""Em thấy rồi, nó có một ô trống để nhập từ ạ.""}, {""turn_index"": 4, ""role"": ""tutor"", ""content"": ""Đúng rồi! Giờ em hãy nhập từ \""Internet\"" vào đó và nhấn tìm kiếm. Nó hiện ra nghĩa gì nào?""}, {""turn_index"": 5, ""role"": ""student"", ""content"": ""Nó ghi là mạng máy tính toàn cầu kết nối các mạng khác nhau... Hay quá thầy ạ!""}]","Tuyệt vời, giờ em có thể tra bất cứ từ nào em muốn rồi!","Truy cập vào trang web từ điển (như soha.vn hoặc dictionary.cambridge.org), gõ từ ""Internet"" và xem giải nghĩa."
BC-HNMU-G6-R0030-STT1-AI02,HNMU-G6-R0030-STT1,6,Bài 3. Thông tin trong máy tinh,"Mục 1, Trang 14 SGK",Nhận biết (Nêu được tên đơn vị),"Thầy ơi, máy tính dùng đơn vị gì nhỏ nhất để đo thông tin ạ? ",[],Chào em! Rất vui được hỗ trợ em. Em có nhớ mỗi kí hiệu 0 hoặc 1 trong máy tính được gọi là gì không?,Bit
BC-HNMU-G6-R0217-STT6-AI04,HNMU-G6-R0217-STT6,6,Bài 16: Các cấu trúc điều khiển,"Câu hỏi 1, Trang 75",Thông hiểu (Giải thích ví dụ minh họa),"Thầy ơi, sao đánh răng lại gọi là cấu trúc tuần tự ạ?","[{""turn_index"": 2, ""role"": ""tutor"", ""content"": ""Nếu em súc miệng trước khi chải răng và lấy kem sau cùng thì có sạch răng được không?""}, {""turn_index"": 3, ""role"": ""student"", ""content"": ""Ha ha, không ạ, lúc đó kem vẫn còn trong tuýp.""}]",Đúng thế! Vậy các bước này có bắt buộc phải làm lần lượt từ bước 1 đến bước 3 không?,"Vì các bước (lấy kem, chải răng, súc miệng) phải thực hiện lần lượt theo đúng thứ tự, không thể đảo lộn hay bỏ bước."
BC-HNMU-G6-R0182-STT13-AI02,HNMU-G6-R0182-STT13,6,Bài 13: Tìm kiếm và thay thế,"Vận dụng 1, Trang 66",Vận dụng (Vận dụng linh hoạt),"Thầy ơi, em muốn đổi chủ đề bài viết từ Đà Lạt sang Sa Pa cho nhanh, em dùng công cụ này được không?",[],"Hoàn toàn được chứ! Em hãy nhớ lại các ô ""Find what"" và ""Replace with"". Em sẽ điền gì vào đó?","(Thực hiện thay thế cụm từ ""Đà Lạt"" thành ""Sa Pa"" trong toàn văn bản)."
BC-HNMU-G6-R0086-STT1-AI06,HNMU-G6-R0086-STT1,6,Bài 7: Tìm kiếm thông tin trên Internet,Mục 1. Máy tìm kiếm (Tr. 32),Nhận biết (Nêu được khái niệm),"Thầy ơi, ""máy tìm kiếm"" là một cái máy giống như máy tính hay là cái gì ạ?","[{""turn_index"": 2, ""role"": ""tutor"", ""content"": ""Chào em! Hãy nhớ lại khi em muốn tìm một bài hát mà chỉ nhớ vài lời, em thường vào trang web nào để gõ lời đó vào?""}, {""turn_index"": 3, ""role"": ""student"", ""content"": ""Dạ em hay vào Google ạ.""}, {""turn_index"": 4, ""role"": ""tutor"", ""content"": ""Đúng rồi! Google không phải là một cái máy vật lý, mà là một \""hệ thống phần mềm\"". Vậy theo em, phần mềm đó giúp mình làm công việc gì trên Internet nhỉ?""}, {""turn_index"": 5, ""role"": ""student"", ""content"": ""Giúp mình tìm thấy thông tin mình cần ạ.""}]",Chính xác! Đó chính là khái niệm về máy tìm kiếm đấy.,Máy tìm kiếm là hệ thống phần mềm hỗ trợ người dùng tìm kiếm thông tin trên Internet theo yêu cầu của người dùng.
BC-HNMU-G6-R0235-STT10-AI02,HNMU-G6-R0235-STT10,6,Bài 17: Chương trình máy tính,"Hình 6.13, Trang 79",Thông hiểu (Đọc hiểu chương trình),"Nhìn vào Hình 6.13, em thấy các khối lệnh Scratch. Nó đang thực hiện việc gì vậy thầy?",[],"Em hãy nhìn vào các khối lệnh màu xanh dương ""hỏi"" và màu cam ""đặt"" nhé. Khối lệnh số 4 và 6 dùng để làm gì nhỉ?","Chương trình thực hiện: Nhập số a, nhập số b, tính tổng = a + b và thông báo kết quả."
BC-HNMU-G6-R0197-STT14-AI04,HNMU-G6-R0197-STT14,6,Bài 14: Hoàn thiện sổ lưu niệm,"Mục 3, Trang 57",Vận dụng (Lưu trữ sản phẩm),"Em đã làm xong hết rồi, giờ em tắt máy được chưa thầy?","[{""turn_index"": 2, ""role"": ""tutor"", ""content"": ""Khoan đã! Nếu tắt máy bây giờ thì công sức nãy giờ của em sẽ đi đâu?""}, {""turn_index"": 3, ""role"": ""student"", ""content"": ""Ôi em quên, phải lưu bài lại ạ!""}]","Đúng rồi. Em hãy vào menu File, chọn ""Save As"" và đặt tên đúng như em mong muốn nhé.","Vào File/Save As, chọn thư mục lưu và gõ tên tệp theo yêu cầu."
BC-HNMU-G6-R0184-STT1-AI02,HNMU-G6-R0184-STT1,6,Bài 14: Hoàn thiện sổ lưu niệm,"Mục 1, Trang 67",Nhận biết (Nêu được nội dung công việc),"Thầy ơi, bài 14 này chúng ta sẽ làm gì vậy ạ?",[],"Chào em! Hãy nhớ lại các sản phẩm em đã làm ở bài 10, 11, 12 và 13 nhé. Mục tiêu của chúng ta là gom tất cả chúng lại thành một sản phẩm cuối cùng. Em đoán xem đó là gì?","Tổng hợp các kiến thức và kĩ năng đã học để hoàn thiện sản phẩm số là cuốn ""Sổ lưu niệm của lớp""."
BC-HNMU-G6-R0178-STT9-AI06,HNMU-G6-R0178-STT9,6,Bài 13: Tìm kiếm và thay thế,"Mục 1, Trang 64",Thông hiểu (Mô tả hiện tượng),Sao em gõ đúng từ rồi mà nhấn Find nó không hiện gì trên văn bản hết thầy?,"[{""turn_index"": 2, ""role"": ""tutor"", ""content"": ""Em hãy thử nhìn vào bảng thông báo hoặc phía dưới ô tìm kiếm xem có dòng chữ nào hiện ra không?""}, {""turn_index"": 3, ""role"": ""student"", ""content"": ""Nó ghi là \""0 of 0\"" hoặc \""No matches\"" ạ.""}, {""turn_index"": 4, ""role"": ""tutor"", ""content"": ""Điều đó có nghĩa là từ em gõ có tồn tại trong văn bản này không?""}, {""turn_index"": 5, ""role"": ""student"", ""content"": ""Dạ không ạ. Có thể là do em gõ sai chính tả hoặc từ đó không có thật trong bài.""}]",Đúng rồi! Khi đó máy tính sẽ báo cho em biết là không tìm thấy kết quả nào phù hợp.,Máy tính sẽ hiện thông báo không tìm thấy kết quả (No matches/Finished searching).
BC-HNMU-G6-R0055-STT12-AI02,HNMU-G6-R0055-STT12,6,Bài 4. Mạng máy tính,"Vận dụng 2, Trang 19 SGK",Vận dụng (Vẽ sơ đồ mạng),"Thầy ơi, em muốn vẽ sơ đồ mạng nhà em nhưng không biết cái cục Modem đặt ở đâu.",[],"Thông thường, Modem là nơi đón tín hiệu Internet từ ngoài vào nhà. Vậy em sẽ vẽ nó ở đầu hay ở cuối sơ đồ?","Sơ đồ: Internet -> Modem/Access Point -> (Máy tính, Điện thoại, Tivi)."
BC-HNMU-G6-R0229-STT4-AI04,HNMU-G6-R0229-STT4,6,Bài 17: Chương trình máy tính,"Mục 1, Trang 78",Nhận biết (Nhận ra các lệnh),"Làm sao máy tính biết phải làm bước nào trước, bước nào sau hả thầy?","[{""turn_index"": 2, ""role"": ""tutor"", ""content"": ""Trong một chương trình có rất nhiều \""lời chỉ dẫn\"" nhỏ. Máy tính sẽ đọc và thực hiện chúng theo trình tự từ trên xuống dưới. Mỗi lời chỉ dẫn đó được gọi là một \""lệnh\"". Vậy máy tính làm việc dựa trên cái gì?""}, {""turn_index"": 3, ""role"": ""student"", ""content"": ""Dạ, dựa trên các lệnh trong chương trình ạ.""}]",Chính xác! Nó cứ làm lần lượt từng lệnh một cho đến khi hoàn thành.,Máy tính thực hiện công việc bằng cách thực hiện lần lượt các lệnh trong chương trình.
BC-HNMU-G6-R0034-STT5-AI02,HNMU-G6-R0034-STT5,6,Bài 3. Thông tin trong máy tinh,"Mục 1, trang 12 SGK",Thông hiểu (Giải thích được lý do),Tại sao không dùng từ 0 đến 9 cho giống con người mà phải dùng mỗi 0 và 1 cho khó hiểu vậy thầy?,[],"Thầy hiểu ý em. Em hãy nghĩ về cái bóng đèn, nó thường có mấy trạng thái cơ bản?",Vì các linh kiện điện tử thông dụng chỉ có hai trạng thái (như tắt/mở).
BC-HNMU-G6-R0224-STT13-AI06,HNMU-G6-R0224-STT13,6,Bài 16: Các cấu trúc điều khiển,"Vận dụng 3, Trang 77",Vận dụng (Lựa chọn và mô tả cấu trúc phức hợp),"Bài tập điểm danh này khó quá thầy ơi, em không biết dùng cấu trúc nào.","[{""turn_index"": 2, ""role"": ""tutor"", ""content"": ""Bình tĩnh nào. Việc cô giáo gọi tên từng bạn từ đầu danh sách đến cuối danh sách là hành động diễn ra một lần hay lặp đi lặp lại cho mỗi học sinh?""}, {""turn_index"": 3, ""role"": ""student"", ""content"": ""Dạ là lặp lại cho tất cả các bạn ạ.""}, {""turn_index"": 4, ""role"": ""tutor"", ""content"": ""Đúng! Vậy ta cần cấu trúc Lặp. Thế còn việc cô giáo phải chờ bạn đó trả lời rồi mới quyết định đánh dấu vắng hay gọi tiếp là cấu trúc gì?""}, {""turn_index"": 5, ""role"": ""student"", ""content"": ""À, đó là rẽ nhánh ạ! Nếu bạn trả lời thì thôi, không trả lời thì đánh dấu vắng.""}]",Tuyệt vời! Em hãy kết hợp hình thoi (kiểm tra trả lời) vào bên trong vòng lặp gọi tên nhé.,"Sử dụng cấu trúc lặp để gọi tên từng bạn; bên trong lặp có cấu trúc rẽ nhánh: Nếu bạn trả lời -> Gọi tên tiếp theo; Nếu không -> Đánh dấu vắng,."
BC-HNMU-G6-R0142-STT1-AI02,HNMU-G6-R0142-STT1,6,Bài 11: Định dạng văn bản,Mục 1. Phần mềm soạn thảo văn bản (Tr. 54),Nhận biết (Kể tên được các chức năng cơ bản),"Thầy AI ơi, phần mềm soạn thảo văn bản giúp mình làm được những gì ngoài viết chữ ạ? ",[],"Chào em! Hãy nhớ lại khi em dùng Word để làm một bài tập, sau khi gõ chữ xong, em có thể thay đổi màu sắc hay sửa lỗi sai không? ","Các chức năng cơ bản: Tạo và định dạng văn bản; Biên tập, chỉnh sửa nội dung; Lưu trữ văn bản; In văn bản."
BC-HNMU-G6-R0090-STT5-AI06,HNMU-G6-R0090-STT5,6,Bài 7: Tìm kiếm thông tin trên Internet,Hoạt động 1 (Tr. 32),Thông hiểu (Giải thích được lợi ích),"Em có sách giáo khoa rồi, cần máy tìm kiếm làm gì nữa thầy?","[{""turn_index"": 2, ""role"": ""tutor"", ""content"": ""Sách giáo khoa rất tốt, nhưng nếu em muốn xem video về một thí nghiệm khoa học hay tìm hình ảnh thực tế của một loài chim quý hiếm không có trong sách, em sẽ làm thế nào?""}, {""turn_index"": 3, ""role"": ""student"", ""content"": ""Em sẽ lên mạng tìm ạ.""}, {""turn_index"": 4, ""role"": ""tutor"", ""content"": ""Chính lúc đó máy tìm kiếm sẽ giúp em. Vậy lợi ích của nó là giúp em tìm thông tin như thế nào so với việc tự đi hỏi từng người?""}, {""turn_index"": 5, ""role"": ""student"", ""content"": ""Nhanh và tiện hơn rất nhiều ạ!""}]",Rất chuẩn!,"Giúp tìm kiếm thông tin nhanh chóng, thuận tiện để phục vụ học tập và giải trí."
BC-HNMU-G6-R0124-STT11-AI02,HNMU-G6-R0124-STT11,6,Bài 9: An toàn thông tin trên Internet,Vận dụng 1 (Tr. 46),Vận dụng (Nhận diện được thông điệp xấu),"Thầy ơi, có số lạ nhắn tin bảo em trúng iPhone 15, bảo em nhấn vào link để nhận quà. Em vui quá!",[],Bình tĩnh nào em! Em có tham gia cuộc thi nào không? Tại sao họ lại biết em mà tặng quà lớn vậy?,"Các dấu hiệu: Tin nhắn trúng thưởng lớn, yêu cầu chuyển phí để nhận quà, tin nhắn khẩn cấp từ bạn bè nhờ chuyển tiền, yêu cầu cung cấp mã OTP/mật khẩu,."
BC-HNMU-G6-R0227-STT2-AI06,HNMU-G6-R0227-STT2,6,Bài 17: Chương trình máy tính,"Mục 1, Trang 78",Nhận biết (Nêu được công dụng),Em chưa hiểu ngôn ngữ lập trình thực sự có ích lợi gì ạ.,"[{""turn_index"": 2, ""role"": ""tutor"", ""content"": ""Em có thể dùng tiếng Việt để bảo máy tính \""Hãy vẽ hình tròn\"" và nó thực hiện ngay được không?""}, {""turn_index"": 3, ""role"": ""student"", ""content"": ""Dạ không, máy tính không hiểu tiếng Việt trực tiếp như thế.""}, {""turn_index"": 4, ""role"": ""tutor"", ""content"": ""Đúng rồi! Vì vậy ta cần một loại ngôn ngữ đặc biệt làm \""cầu nối\"". Theo em, ngôn ngữ này giúp ta tạo ra cái gì để máy tính làm theo?""}, {""turn_index"": 5, ""role"": ""student"", ""content"": ""À, giúp tạo ra chương trình để chỉ dẫn cho máy tính ạ!""}]","Tuyệt vời, em đã hiểu đúng trọng tâm rồi đấy.",Ngôn ngữ lập trình là ngôn ngữ được dùng để tạo ra chương trình chỉ dẫn cho máy tính thực hiện công việc.
BC-HNMU-G6-R0174-STT5-AI06,HNMU-G6-R0174-STT5,6,Bài 13: Tìm kiếm và thay thế,"Hoạt động 1, Trang 64",Thông hiểu (Giải thích lợi ích),"Văn bản ngắn em tự tìm bằng mắt cũng được mà, sao phải học công cụ này hả thầy?","[{""turn_index"": 2, ""role"": ""tutor"", ""content"": ""Câu hỏi rất thực tế! Thế nếu văn bản của em dài 100 trang và em cần tìm một cái tên bị viết sai chính tả, em tìm bằng mắt sẽ mất bao lâu?""}, {""turn_index"": 3, ""role"": ""student"", ""content"": ""Ôi, thế thì mỏi mắt và dễ sót lắm ạ.""}, {""turn_index"": 4, ""role"": ""tutor"", ""content"": ""Đúng vậy! Vậy công cụ này giúp ích gì cho em về mặt \""thời gian\"" và độ \""tin cậy\""?""}, {""turn_index"": 5, ""role"": ""student"", ""content"": ""Nó giúp mình làm nhanh hơn và không bị bỏ sót ạ. Vậy là nhanh và chính xác hơn đúng không thầy?""}]",Rất chuẩn xác! Đó chính là ưu điểm lớn nhất của nó.,"Giúp tìm kiếm và thay thế thông tin một cách nhanh chóng và chính xác, đặc biệt với văn bản dài."
BC-HNMU-G6-R0180-STT11-AI06,HNMU-G6-R0180-STT11,6,Bài 13: Tìm kiếm và thay thế,"Luyện tập 1, Trang 66",Vận dụng (Thực hiện đếm từ),"Thầy ơi, làm sao biết có tất cả bao nhiêu từ ""Học sinh"" mà không phải ngồi đếm tay ạ?","[{""turn_index"": 2, ""role"": ""tutor"", ""content"": ""Khi em nhập từ \""Học sinh\"" vào ô tìm kiếm (Find), máy tính có hiển thị con số nào kèm theo không?""}, {""turn_index"": 3, ""role"": ""student"", ""content"": ""Dạ, nó hiện \""15 matches\"" ở dưới ô em vừa gõ ạ.""}, {""turn_index"": 4, ""role"": ""tutor"", ""content"": ""Con số 15 đó cho em biết điều gì?""}, {""turn_index"": 5, ""role"": ""student"", ""content"": ""Dạ là có 15 từ \""Học sinh\"" trong văn bản ạ. Tiện quá thầy nhỉ!""}]",Đúng rồi! Em đã vận dụng công cụ Tìm kiếm để thống kê dữ liệu rất tốt.,"(Học sinh thực hiện: Nhập ""Học sinh"" vào ô Find và đọc số lượng kết quả hiện ra)."
BC-HNMU-G6-R0130-STT3-AI06,HNMU-G6-R0130-STT3,6,Bài 10: Sơ đồ tư duy,Hoạt động 2 (Tr. 49),Nhận biết (Nêu được tên thành phần),Một sơ đồ tư duy cần có những gì để hoàn chỉnh ạ?,"[{""turn_index"": 2, ""role"": ""tutor"", ""content"": ""Hãy nhìn vào Hình 5.2. Ở giữa trung tâm là gì em nhỉ?""}, {""turn_index"": 3, ""role"": ""student"", ""content"": ""Là \""Sổ lưu niệm\"", chắc là chủ đề chính ạ.""}, {""turn_index"": 4, ""role"": ""tutor"", ""content"": ""Giỏi lắm! Từ đó tỏa ra các \""cánh tay\"" gọi là gì? Và trên đó có chữ hay hình gì không?""}, {""turn_index"": 5, ""role"": ""student"", ""content"": ""Dạ là các nhánh, có chữ và cả hình ảnh minh họa nữa ạ.""}]",Tuyệt vời! Em đã liệt kê đủ các thành phần rồi đó.,"Chủ đề chính, chủ đề con (các nhánh), từ khoá, hình ảnh, đường nối."
