criterion_id,criterion_group,criterion_name,required_per_sample,checker_type,evidence_requirement,pass_condition,fail_or_uncertain_policy,default_reviewer_action,source_section,notes
RAW-STR-02,structure,Không thiếu trường lõi,true,agent_or_code,raw_row_fields,"Các trường câu hỏi, đáp án SGV và hội thoại đều có nội dung đủ để kiểm.",Thiếu câu hỏi hoặc hội thoại thường là fail; thiếu/không chắc đáp án SGV thì uncertain hoặc needs_human_review.,exclude_from_current_batch hoặc ask_hnmu_review tùy trường bị thiếu.,raw-dialogue-quality-checklist-v0.md#6,RAW-STR-01 là kiểm cấp batch nên không nằm trong registry cấp từng mẫu.
RAW-STR-03,structure,Có nhãn lượt nói,true,agent_or_code,raw_dialogue_text,Hội thoại có nhãn lượt nói hợp lệ như HS: và AI: hoặc pattern tương đương đã được duyệt.,"Nhãn lạ, thiếu nhãn hoặc không phân tách được lượt nói thì fail/uncertain tùy mức độ.",ask_hnmu_review hoặc exclude_from_current_batch nếu lỗi rõ.,raw-dialogue-quality-checklist-v0.md#6,Tiêu chí này bắt các lỗi như AII: trong dữ liệu thô.
RAW-STR-04,structure,Hội thoại đủ dài để kiểm,true,agent_or_code,raw_dialogue_text,Hội thoại có đủ lượt và đủ nội dung để đánh giá nhất quán/sư phạm.,Hội thoại trống hoặc quá ngắn thì fail/uncertain.,ask_hnmu_review hoặc exclude_from_current_batch.,raw-dialogue-quality-checklist-v0.md#6,Không áp dụng RAW-STR-05/06 ở cấp từng mẫu vì đó là ràng buộc truy vết/quy trình.
RAW-CON-01,consistency,Câu hỏi khớp bài/vị trí,true,agent_with_retrieval,SGK_or_SGV_fragment,"Câu hỏi thuộc đúng bài, mục hoặc vùng học liệu mà metadata ghi.",Không tìm được evidence hoặc evidence mơ hồ thì uncertain; lệch rõ bài/vị trí thì fail.,ask_hnmu_review hoặc needs_uet_decision.,raw-dialogue-quality-checklist-v0.md#7,SGK là evidence chính; SGV có thể dùng phụ khi câu hỏi lấy từ SGV.
RAW-CON-02,consistency,Đáp án SGV khớp câu hỏi,true,agent_with_retrieval,SGV_fragment_or_answer_field,Đáp án SGV trả lời đúng và đủ cho câu hỏi trong dữ liệu thô.,Thiếu SGV/evidence thì uncertain; đáp án mâu thuẫn câu hỏi thì fail.,ask_hnmu_review hoặc needs_sgv_verification.,raw-dialogue-quality-checklist-v0.md#7,"Nếu SGV fragment còn draft, confidence phải thận trọng."
RAW-CON-03,consistency,Hội thoại bám câu hỏi,true,agent,raw_question_and_dialogue,Hội thoại giải quyết đúng vấn đề học sinh nêu trong câu hỏi.,Lệch rõ thì fail; bám chưa đủ rõ thì uncertain.,ask_hnmu_review hoặc exclude_from_current_batch nếu lệch rõ.,raw-dialogue-quality-checklist-v0.md#7,Không yêu cầu hội thoại là mẫu benchmark hoàn chỉnh.
RAW-CON-04,consistency,Hội thoại bám đáp án,true,agent_with_retrieval,answer_sgv_and_optional_SGV_fragment,Gia sư hướng học sinh tới hiểu biết/lời giải không mâu thuẫn đáp án SGV.,Mâu thuẫn rõ thì fail; chưa đủ evidence thì uncertain.,ask_hnmu_review hoặc needs_sgv_verification.,raw-dialogue-quality-checklist-v0.md#7,"Tiêu chí này khác RAW-CON-02: kiểm hội thoại, không chỉ kiểm trường đáp án."
RAW-CON-05,consistency,Mức nhận thức hợp lý,true,agent_with_hnmu_cognitive_reference,question_cognitive_level_and_hnmu_cognitive_markdown,"Mức nhận thức khớp với yêu cầu trong câu hỏi/nhiệm vụ theo bản Markdown chuẩn hóa `shared/learning_resources/agent_context/hnmu_cognitive_level_method_canonical.md`; kiểm theo động từ/hành động, đối tượng và yêu cầu cụ thể, không chỉ theo từ khóa đơn lẻ.","Mức nhận thức không rõ, không truy được bản Markdown chuẩn hóa, hoặc câu hỏi có động từ/đối tượng/yêu cầu cụ thể mơ hồ thì uncertain; chỉ fail khi nhãn lệch rất rõ so với yêu cầu trong câu hỏi.",ask_hnmu_review.,raw-dialogue-quality-checklist-v0.md#7,"Nguồn chính: shared/learning_resources/agent_context/hnmu_cognitive_level_method_canonical.md. Nguồn gốc: document/teacher_training_curriculum/benchmark_building_documents/Biểu hiện mức độ nhận thức _Tin học.docx. Dùng 3 mức của HNMU: Biết, Hiểu, Vận dụng; có thể chuẩn hóa nhãn raw Nhận biết/Thông hiểu/Vận dụng tương ứng."
RAW-CON-06,consistency,Không bịa học liệu,true,agent_with_retrieval,SGK_or_SGV_fragment,Hội thoại không nêu nội dung không có căn cứ hoặc trái với SGK/SGV liên quan.,Có dấu hiệu bịa/lệch học liệu thì uncertain hoặc fail tùy mức chắc chắn.,ask_hnmu_review hoặc needs_learning_resource_review.,raw-dialogue-quality-checklist-v0.md#7,Tiêu chí này bắt buộc ở cấp từng mẫu; shard 01/03 trước đó thiếu tiêu chí này.
RAW-CON-07,consistency,Nhất quán metadata,true,agent_with_registry,raw_metadata_and_learning_resource_registry,"Chủ đề, bài học, vị trí, câu hỏi, đáp án và hội thoại nói về cùng một nội dung.",Lệch rõ thì fail; metadata/học liệu mơ hồ thì uncertain.,ask_hnmu_review hoặc needs_uet_decision.,raw-dialogue-quality-checklist-v0.md#7,Tiêu chí này bắt buộc ở cấp từng mẫu; shard 01/03 trước đó thiếu tiêu chí này.
RAW-PED-01,pedagogy,Có dấu hiệu dàn giáo,true,agent_with_scaffolding_reference,dialogue_and_hnmu_scaffolding_note,Gia sư có hỏi/gợi mở/kiểm tra hiểu biết hoặc hỗ trợ theo tinh thần dàn giáo.,Thiếu hoàn toàn dấu hiệu dàn giáo thì uncertain hoặc fail nếu hội thoại không có giá trị.,ask_hnmu_review.,raw-dialogue-quality-checklist-v0.md#8,Dùng bản Markdown chuẩn hóa phương pháp dàn giáo HNMU làm nguồn chính.
RAW-PED-02,pedagogy,Không lộ đáp án quá sớm,true,agent_with_scaffolding_reference,dialogue_answer_sgv_and_hnmu_scaffolding_note,"Gia sư không đưa ngay đáp án cuối, công thức, hoặc lời giải trọn vẹn trước khi có chẩn đoán, gợi mở, phản hồi của học sinh hoặc mức hỗ trợ phù hợp; nếu đã hỗ trợ đủ hoặc học sinh cần xác nhận/chốt lại thì có thể nêu đáp án.","Lộ đáp án ngay từ đầu hoặc thay gợi mở bằng lời giải trọn vẹn thì uncertain hoặc fail tùy mức rõ; nếu ý đồ mẫu thô chưa rõ thì uncertain và hỏi HNMU.",ask_hnmu_review.,raw-dialogue-quality-checklist-v0.md#8,"Kiểm thời điểm/cách tiết lộ đáp án; khác RAW-CON-04 là kiểm hội thoại có hướng tới đáp án đúng không."
RAW-PED-03,pedagogy,Trình tự hội thoại hợp lý,true,agent_with_scaffolding_reference,dialogue_turn_sequence_and_hnmu_scaffolding_note,"Các lượt nối tiếp hợp lý theo diễn biến học sinh: tiếp nhận/chẩn đoán, gợi mở/hỗ trợ, phản hồi theo câu trả lời học sinh, rồi củng cố/chốt khi phù hợp.","Có dấu hiệu dàn giáo đơn lẻ nhưng thứ tự nhảy cóc, bỏ qua câu trả lời học sinh, mâu thuẫn giữa các lượt, hoặc kết luận không theo diễn biến thì uncertain hoặc fail.",ask_hnmu_review.,raw-dialogue-quality-checklist-v0.md#8,"Phân biệt với RAW-PED-01: RAW-PED-01 kiểm có dấu hiệu dàn giáo; RAW-PED-03 kiểm mạch hội thoại qua nhiều lượt."
RAW-PED-04,pedagogy,Lượt nói có giá trị,true,agent,dialogue_turn_content,"Phần lớn lượt nói đóng góp trực tiếp cho việc học trong đúng hướng hội thoại: hỏi để chẩn đoán, gợi ý, sửa sai, đánh dấu điểm quan trọng, củng cố hoặc giao bước tiếp theo; không chỉ lặp/khen chung chung.","Nhiều lượt thừa, lặp ý, hoặc khen chung chung không thêm phản hồi/nhiệm vụ/hỗ trợ thì uncertain/review; nếu lượt thừa làm hội thoại không còn kiểm được thì fail.",ask_hnmu_review.,raw-dialogue-quality-checklist-v0.md#8,"Khen chung chung là lời khen/động viên không gắn với nội dung học sinh vừa làm và không tạo bước học tập tiếp theo; khác RAW-PED-06 là lạc hướng sang nội dung không liên quan."
RAW-PED-05,pedagogy,Phù hợp lứa tuổi,true,agent_with_hnmu_review_when_uncertain,dialogue_language,"Ngôn ngữ phù hợp học sinh THCS, không quá khó/không phù hợp bối cảnh.",Không chắc thì đưa HNMU xác nhận.,ask_hnmu_review.,raw-dialogue-quality-checklist-v0.md#8,Agent chỉ hỗ trợ phát hiện rủi ro; HNMU có quyền chuyên môn cuối cùng.
RAW-PED-06,pedagogy,Không thay thế bằng câu trả lời lạc hướng,true,agent,question_and_dialogue,"Gia sư không né yêu cầu hoặc thay thế việc hỗ trợ bằng nội dung ngoài nhiệm vụ, ngoài bài học, ngoài câu hỏi, hoặc lời khuyên chung không giúp giải quyết vấn đề học sinh nêu.","Lạc hướng rõ thì fail; nếu chỉ có vài câu khen/lặp nhưng vẫn trong đúng mạch học tập thì xử lý ở RAW-PED-04 thay vì RAW-PED-06.",ask_hnmu_review hoặc exclude_from_current_batch nếu lệch rõ.,raw-dialogue-quality-checklist-v0.md#8,"Phân biệt với RAW-PED-04: RAW-PED-04 kiểm lượt thừa/khen chung chung trong cùng mạch học tập; RAW-PED-06 kiểm đánh tráo/né nhiệm vụ bằng nội dung không liên quan."
RAW-DUP-03,duplicate_risk,Biến thể tầm thường,true,agent_with_code_output,duplicate_candidates_and_sample_text,Mẫu không phải biến thể gần như giống hệt của mẫu khác trong batch.,"Có dấu hiệu biến thể tầm thường thì uncertain/review, hiếm khi fail ngay ở cấp mẫu.",ask_hnmu_review hoặc needs_uet_decision.,raw-dialogue-quality-checklist-v0.md#9,RAW-DUP-01/02 là code-level; RAW-DUP-03 là agent-level từng mẫu.
RAW-DUP-04,duplicate_risk,Khuôn AI lặp lại,true,agent_with_batch_pattern_awareness,dialogue_pattern_and_batch_context,Hội thoại không có dấu hiệu khuôn AI lặp lại máy móc gây giảm đa dạng.,"Có dấu hiệu khuôn lặp thì uncertain/review, không tự động loại nếu nội dung vẫn tốt.",ask_hnmu_review hoặc needs_uet_decision.,raw-dialogue-quality-checklist-v0.md#9,Cần thận trọng vì một số cấu trúc dàn giáo có thể giống nhau một cách hợp lý.
