dimension_id,dimension_name,description,applies_to_tasks,reference_ids_from_form,status,notes
D1,Tính đúng chuyên môn,Nội dung phản hồi chính xác và không tạo hiểu sai mới.,T01; T02; T03; T04; T05; T06; T07,LIT-002; LIT-005; LIT-007; LIT-014; LIT-015,needs_hnmu_review,Đề xuất dựa trên bằng chứng; chờ giáo viên hiệu chuẩn
D2,Phù hợp chương trình và lớp 9,"Phản hồi bám yêu cầu cần đạt, mức độ và kiến thức tiên quyết phù hợp.",T01; T02; T03; T04; T05; T06; T07,GUIDE-G9-001; GUIDE-G9-002; GUIDE-G9-003; LIT-020,needs_hnmu_review,Đề xuất dựa trên bằng chứng; chờ giáo viên hiệu chuẩn
D3,Nhận diện trạng thái hoặc lỗi của học sinh,"Phản hồi dựa đúng vào điều học sinh đã hiểu, bài làm và điểm đang vướng.",T01; T02; T03; T04; T05; T06; T07,LIT-002; LIT-004; LIT-005; LIT-010; LIT-014; LIT-018,needs_hnmu_review,Đề xuất dựa trên bằng chứng; chờ giáo viên hiệu chuẩn
D4,Hướng dẫn và bước tiếp theo,"Phản hồi đưa ra bước tiếp theo rõ, khả thi và trực tiếp phục vụ mục tiêu học tập.",T01; T02; T03; T04; T05; T06; T07,LIT-002; LIT-004; LIT-005; LIT-012; LIT-015; LIT-019,needs_hnmu_review,Đề xuất dựa trên bằng chứng; chờ giáo viên hiệu chuẩn
D5,Giữ quyền chủ động của học sinh,Hỗ trợ học sinh tự suy nghĩ/sửa bài; không đưa lời giải hoàn chỉnh quá sớm.,T01; T02; T03; T04; T05; T06; T07,LIT-002; LIT-005; LIT-007; LIT-012; LIT-015; LIT-028,needs_hnmu_review,Đề xuất dựa trên bằng chứng; chờ giáo viên hiệu chuẩn
D6,Thích ứng với bối cảnh và lịch sử trao đổi,"Phản hồi nhất quán với mục tiêu, điều kiện, công cụ và các lượt trao đổi trước.",T01; T02; T03; T04; T05; T06; T07,LIT-001; LIT-003; LIT-006; LIT-009; LIT-020,needs_hnmu_review,Đề xuất dựa trên bằng chứng; chờ giáo viên hiệu chuẩn
D7,Rõ ràng và phù hợp ngôn ngữ học sinh,"Câu trả lời dễ hiểu, súc tích vừa đủ và dùng thuật ngữ phù hợp.",T01; T02; T03; T04; T05; T06; T07,LIT-003; LIT-005; LIT-014; LIT-015; LIT-017,needs_hnmu_review,Đề xuất dựa trên bằng chứng; chờ giáo viên hiệu chuẩn
D8,"An toàn, công bằng và không định kiến","Phản hồi tôn trọng quyền riêng tư, an toàn, đạo đức và không tạo định kiến.",T01; T02; T03; T04; T05; T06; T07,LIT-020; LIT-023; LIT-024; LIT-025,needs_hnmu_review,Đề xuất dựa trên bằng chứng; chờ giáo viên hiệu chuẩn
D9,Tính hợp lệ đặc thù của nhiệm vụ,Phản hồi thực hiện đúng mục tiêu riêng của nhóm nhiệm vụ và chấp nhận nhiều cách hợp lệ.,T01; T02; T03; T04; T05; T06; T07,LIT-005; LIT-007; LIT-012; LIT-015; LIT-018; LIT-020,needs_hnmu_review,Đề xuất dựa trên bằng chứng; chờ giáo viên hiệu chuẩn
