review_order,review_reason_codes,benchmark_candidate_id,sample_id,grade,lesson,student_prompt,conversation_history,gold_response,gold_answer,annotator_a_primary,annotator_a_secondary,annotator_a_rationale,annotator_a_reference_effect,annotator_a_reference_change_reason,annotator_a_coverage_gap_reason,annotator_b_primary,annotator_b_secondary,annotator_b_rationale,annotator_b_reference_effect,annotator_b_reference_change_reason,annotator_b_coverage_gap_reason,uet_final_primary,uet_final_secondary,uet_reference_effect_decision,uet_decision,uet_note
1,agent_label_disagreement;reference_effect_or_change_review,BC-HNMU-G6-R0181-STT12-AI02,HNMU-G6-R0181-STT12,6,Bài 13: Tìm kiếm và thay thế,"Bài tập yêu cầu sửa lỗi viết dính liền ""Sapa"" thành ""Sa Pa"" cho cả bài, em làm thế nào đây thầy?",[],"Đầu tiên, em mở hộp thoại Replace lên. Từ viết sai (Sapa) em sẽ nhập vào ô nào?",(Học sinh thực hiện lệnh Replace All: Find what: Sapa; Replace with: Sa Pa).,PRINCIPLE-MODELLING,,HS cần được chỉ thao tác mở Replace và điền đúng ô Find what / Replace with để sửa toàn văn bản.,changed,"Gold cho thấy ý định là dẫn từng bước thao tác, không chỉ là luyện tập chung.",,PRINCIPLE-PRACTICE,,"Đây là một thao tác công cụ cụ thể cần được thực hành để sửa toàn bài, nên phản hồi phải dẫn em vào hoạt động áp dụng.",unchanged,,,,,,,
2,reference_effect_or_change_review,BC-HNMU-G6-R0173-STT4-AI06,HNMU-G6-R0173-STT4,6,Bài 13: Tìm kiếm và thay thế,"Thầy ơi, nếu văn bản có 100 từ ""Hà Nội"" mà em muốn đổi thành ""Thủ đô"" hết một lượt thì làm thế nào ạ?","[{""turn_index"": 2, ""role"": ""tutor"", ""content"": ""Nếu em nhấn \""Replace\"", máy sẽ chỉ đổi từng từ một. Em có thấy nút nào có chữ \""All\"" (tất cả) ở ngay bên cạnh không?""}, {""turn_index"": 3, ""role"": ""student"", ""content"": ""Dạ có nút Replace All ạ.""}, {""turn_index"": 4, ""role"": ""tutor"", ""content"": ""Đúng rồi! Em đoán xem nút đó sẽ giúp em làm gì?""}, {""turn_index"": 5, ""role"": ""student"", ""content"": ""Chắc là nó sẽ thay thế tất cả các từ máy tìm được cùng một lúc luôn đúng không thầy?""}]",Quá giỏi! Đó chính là cách nhanh nhất để xử lý yêu cầu của em.,Chọn nút lệnh Replace All.,PRINCIPLE-FEEDBACK,,HS đã nhận ra Replace All là cách thay thế hàng loạt đúng mục tiêu.,unchanged,,,PRINCIPLE-FEEDBACK,,Cần một câu hỏi có chủ đích để chốt chức năng của nút Replace All và củng cố hiểu biết ngay trong lượt này.,changed,"Reference chuyển sang lời khen/xác nhận sau khi học sinh đã nêu đúng Replace All, nên phản hồi là feedback thay vì questioning.",,PRINCIPLE-FEEDBACK,,,approve_a,
3,agent_label_disagreement,BC-HNMU-G6-R0238-STT13-AI04,HNMU-G6-R0238-STT13,6,Bài 17: Chương trình máy tính,Em không biết dùng hình học nào để vẽ sơ đồ so sánh hai số a và b.,"[{""turn_index"": 2, ""role"": ""tutor"", ""content"": ""Để so sánh hay kiểm tra một điều kiện (như a có lớn hơn b không), em có nhớ Bài 16 hướng dẫn dùng hình gì không?""}, {""turn_index"": 3, ""role"": ""student"", ""content"": ""Dạ dùng hình thoi ạ!""}]","Đúng rồi! Từ hình thoi sẽ có hai nhánh: Đúng và Sai. Nếu ""a > b"" là Đúng, em sẽ thông báo số nào lớn hơn?","Sơ đồ gồm: Bắt đầu -> Nhập a, b -> Kiểm tra a > b? -> Đúng: Xuất a; Sai: Xuất b -> Kết thúc.",PRINCIPLE-FEEDBACK,,HS đã chọn đúng hình thoi sau gợi ý về điều kiện so sánh.,unchanged,,,PRINCIPLE-QUESTIONING,,"Phản hồi phù hợp là gợi học sinh nhớ lại kiến thức trước để tự gọi đúng hình thoi, nên chức năng hỏi là trung tâm.",unchanged,,,,,,,
4,reference_effect_or_change_review,BC-HNMU-G6-R0076-STT5-AI04,HNMU-G6-R0076-STT5,6,Bài 6: Mạng thông tin toàn cầu,Tại sao mỗi website lại cần một địa chỉ riêng dài dằng dặc thế ạ?,"[{""turn_index"": 2, ""role"": ""tutor"", ""content"": ""Nếu em muốn gửi thư cho một người bạn, em có cần biết địa chỉ nhà bạn ấy không?""}, {""turn_index"": 3, ""role"": ""student"", ""content"": ""Dạ cần chứ ạ, nếu không thư sẽ bị lạc.""}]","Website cũng vậy! Internet rất rộng lớn, địa chỉ website giúp trình duyệt tìm đúng ""căn nhà"" chứa thông tin em cần. Vậy địa chỉ đó có được trùng nhau không nhỉ?",Dùng để xác định vị trí duy nhất của website đó trên mạng để người dùng có thể truy cập.,PRINCIPLE-EXPLANATION,,HS hỏi vì sao website cần địa chỉ riêng; ngữ cảnh cần làm rõ chức năng định danh của địa chỉ web.,changed,"Gold diễn giải trực tiếp lợi ích và chức năng của địa chỉ website, nên trọng tâm là giải thích.",,PRINCIPLE-EXPLANATION,,Cần giải thích vai trò của địa chỉ website như một định danh để truy cập đúng tài nguyên.,unchanged,,,,,,,
5,agent_label_disagreement;reference_effect_or_change_review,BC-HNMU-G6-R0221-STT10-AI04,HNMU-G6-R0221-STT10,6,Bài 16: Các cấu trúc điều khiển,"Nếu em đổi bước ""Cho sách vào cặp"" lên trước bước ""Xem thời khóa biểu"" thì thuật toán có chạy được không thầy?","[{""turn_index"": 2, ""role"": ""tutor"", ""content"": ""Em hãy thử tưởng tượng hành động đó xem. Em có biết cần lấy sách môn gì để cho vào cặp không nếu chưa xem thời khóa biểu?""}, {""turn_index"": 3, ""role"": ""student"", ""content"": ""Dạ không, em sẽ lấy nhầm hoặc lấy đại ạ.""}]","Đúng thế! Vậy em có nhận xét gì về tầm quan trọng của ""thứ tự"" trong cấu trúc tuần tự?",Thuật toán sẽ cho kết quả sai hoặc không thể thực hiện được do tính trình tự bị phá vỡ.,PRINCIPLE-QUESTIONING,,HS đã nhận ra phá thứ tự bước sẽ làm thuật toán sai; cần một câu hỏi để khái quát vai trò của thứ tự.,changed,"Gold kết thúc bằng câu hỏi yêu cầu tự nêu nhận xét, nên trọng tâm là questioning.",,PRINCIPLE-FEEDBACK,,"Cần phản hồi dựa trên lập luận của học sinh về tính đúng/sai của thứ tự bước, rồi mới củng cố logic.",unchanged,,,,,,,
6,agent_label_disagreement;reference_effect_or_change_review,BC-HNMU-G6-R0153-STT12-AI04,HNMU-G6-R0153-STT12,6,Bài 11: Định dạng văn bản,"Em đang thiết kế tờ rơi nhưng nhìn nó vẫn hơi ""chán"", thầy gợi ý cho em cách làm nó bắt mắt hơn được không ạ? ","[{""turn_index"": 2, ""role"": ""tutor"", ""content"": ""Một tờ rơi hay cần có: 1. Tiêu đề thật to và đậm; 2. Hình ảnh minh họa sinh động; 3. Màu sắc chữ hài hòa. Em đã thử thay đổi phông chữ nào trông hiện đại chưa? ""}, {""turn_index"": 3, ""role"": ""student"", ""content"": ""Dạ chưa, em vẫn dùng phông mặc định ạ. ""}]","Em hãy thử phông ""Arial"" hoặc ""Segoe UI"" xem sao. Đừng quên dùng các màu sắc khác nhau cho các ý chính nhé. Em thử làm rồi cho thầy xem kết quả nào! ","HS tạo văn bản, chèn hình ảnh, định dạng phông chữ, cỡ chữ, màu sắc thu hút người xem.",PRINCIPLE-MODELLING,,HS đang cải thiện một tờ rơi và cần ví dụ cụ thể về font và màu để làm sản phẩm bắt mắt hơn.,changed,"Gold đưa ra các lựa chọn cụ thể để em bắt chước rồi tự làm, phù hợp hơn với modelling.",,PRINCIPLE-PRACTICE,,"Phản hồi nên dẫn vào hành động chỉnh sửa cụ thể trên sản phẩm đang làm, tức là luyện áp dụng kỹ năng định dạng.",unchanged,,,,,,,
7,agent_label_disagreement,BC-HNMU-G6-R0230-STT5-AI06,HNMU-G6-R0230-STT5,6,Bài 17: Chương trình máy tính,Tại sao mình không bảo máy tính làm luôn mà phải viết chương trình phức tạp vậy ạ?,"[{""turn_index"": 2, ""role"": ""tutor"", ""content"": ""Theo em, máy tính có \""bộ não\"" thông minh tự nhiên có thể tự suy nghĩ như em không?""}, {""turn_index"": 3, ""role"": ""student"", ""content"": ""Dạ không, nó chỉ là một cái máy thôi ạ.""}, {""turn_index"": 4, ""role"": ""tutor"", ""content"": ""Đúng thế! Vậy nếu không có ai chỉ cho nó \""Bước 1 làm gì, Bước 2 làm gì\"", nó có biết phải bắt đầu từ đâu không?""}, {""turn_index"": 5, ""role"": ""student"", ""content"": ""Em hiểu rồi, nó cần chương trình làm \""bản chỉ dẫn\"" để biết phải hành động thế nào. Nếu không nó chỉ là một khối vật chất không biết hành động.""}]",Cách giải thích của em rất sâu sắc và chính xác!,"Vì máy tính là vật vô tri, nó không tự hiểu ngôn ngữ tự nhiên hay sơ đồ khối, nó cần chương trình để biết các bước thực hiện nhiệm vụ.",PRINCIPLE-FEEDBACK,,HS đã hiểu máy tính cần chương trình như một bản chỉ dẫn.,unchanged,,,PRINCIPLE-EXPLANATION,,"Cần giải thích nguyên lý máy tính chỉ thực hiện theo lệnh, không có suy nghĩ tự nhiên như con người.",unchanged,,,,,,,
8,agent_label_disagreement,BC-HNMU-G6-R0239-STT14-AI08,HNMU-G6-R0239-STT14,6,Bài 17: Chương trình máy tính,"Thầy ơi, em muốn viết chương trình tính trung bình cộng 3 số trong Scratch nhưng lúng túng quá.","[{""turn_index"": 2, ""role"": ""tutor"", ""content"": ""Đừng lo! Hãy dựa vào logic của bài tính trung bình 3 môn ở Hình 6.15 em vừa học. Đầu tiên em cần mấy câu lệnh \""hỏi\"" để lấy dữ liệu?""}, {""turn_index"": 3, ""role"": ""student"", ""content"": ""Dạ 3 câu hỏi cho 3 số ạ.""}, {""turn_index"": 4, ""role"": ""tutor"", ""content"": ""Đúng! Sau khi có 3 số, em dùng phép toán nào để tính giá trị trung bình?""}, {""turn_index"": 5, ""role"": ""student"", ""content"": ""Em lấy tổng 3 số đó rồi chia cho 3 ạ.""}, {""turn_index"": 6, ""role"": ""tutor"", ""content"": ""Chính xác. Cuối cùng, em dùng khối lệnh nào để máy tính hiện kết quả ra màn hình?""}, {""turn_index"": 7, ""role"": ""student"", ""content"": ""Dùng khối lệnh \""nói\"" ạ. Em làm được rồi, cảm ơn thầy!""}]",Giỏi lắm! Em đã hoàn thành thử thách lập trình một cách độc lập.,Sử dụng các lệnh: khi nhấn vào lá cờ; hỏi và đợi; đặt biến; phép toán cộng và chia; nói.,PRINCIPLE-FEEDBACK,,HS đã trả lời trọn chuỗi bước để viết chương trình tính trung bình cộng 3 số.,unchanged,,,PRINCIPLE-PRACTICE,,Đây là bài áp dụng nhiều bước; phản hồi cần tiếp tục dàn giáo để học sinh tự xây chương trình thay vì chỉ nghe đáp án.,unchanged,,,,,,,
9,agent_label_disagreement;reference_effect_or_change_review,BC-HNMU-G6-R0149-STT8-AI04,HNMU-G6-R0149-STT8,6,Bài 11: Định dạng văn bản,"Thầy ơi, em đang làm một cái bằng khen cho bạn, em nên để tờ giấy đứng hay nằm ngang ạ? ","[{""turn_index"": 2, ""role"": ""tutor"", ""content"": ""Thông thường bằng khen có chiều ngang dài hay chiều đứng dài hơn thì trông trang trọng hơn nhỉ? ""}, {""turn_index"": 3, ""role"": ""student"", ""content"": ""Dạ thường là chiều ngang dài hơn ạ. ""}]",Đúng rồi! Đó là hướng trang ngang. Còn nếu em viết một đơn xin nghỉ học thì sao? ,"Chọn hướng trang (đứng hoặc ngang) tuỳ thuộc vào nội dung và mục đích sử dụng (vd: thư từ thường chọn hướng đứng, thời khóa biểu/chứng chỉ thường chọn hướng ngang).",PRINCIPLE-EXPLANATION,,HS đang chọn hướng trang phù hợp cho bằng khen và cần chốt quy tắc chọn hướng theo loại sản phẩm.,unchanged,,,PRINCIPLE-FEEDBACK,,"Đây là quyết định áp dụng khi dàn trang, nên phản hồi cần hướng dẫn em chọn và thực hiện đúng thiết lập.",changed,"Reference xác nhận đáp án hướng trang rồi mở rộng sang ví dụ khác, nên feedback là nhãn chính.",,,,,,
10,agent_label_disagreement;reference_effect_or_change_review,BC-HNMU-G6-R0098-STT13-AI02,HNMU-G6-R0098-STT13,6,Bài 7: Tìm kiếm thông tin trên Internet,"Thầy ơi, em tìm thấy một đoạn giới thiệu về Hoàng Thành rất hay, em muốn để dành để làm báo cáo thì làm sao ạ?",[],"Em có biết cách ""copy"" (sao chép) không? Đầu tiên em dùng chuột bôi đen đoạn văn đó nhé. Sau đó em nhấn chuột phải, em thấy chữ gì hiện lên?",Chọn đoạn văn bản -> Chuột phải chọn Copy -> Mở Word -> Chuột phải chọn Paste.,PRINCIPLE-MODELLING,,HS muốn lưu một đoạn web để dùng trong báo cáo và cần quy trình thao tác sao chép-dán mẫu.,changed,"Gold mô tả mẫu thao tác từng bước, nên modeling sát hơn practice.",,PRINCIPLE-PRACTICE,,Phản hồi cần chỉ ra thao tác lưu/ghi nhớ tư liệu để học sinh áp dụng vào nhiệm vụ báo cáo.,unchanged,,,,,,,
11,agent_label_disagreement,BC-HNMU-G6-R0213-STT2-AI04,HNMU-G6-R0213-STT2,6,Bài 16: Các cấu trúc điều khiển,"Trong sơ đồ khối ở Hình 6.7, tại sao người ta lại vẽ cái hình thoi hả thầy?","[{""turn_index"": 2, ""role"": ""tutor"", ""content"": ""Hãy nhớ lại trò chơi \""Đúng hay Sai\"" ở trang 74. Khi bạn thứ hai nhận câu hỏi, bạn ấy phải làm gì trước khi gật đầu hoặc lắc đầu?""}, {""turn_index"": 3, ""role"": ""student"", ""content"": ""Bạn ấy phải kiểm tra xem câu đó đúng hay sai ạ.""}]","Đúng rồi! Và để máy tính biết chỗ nào cần ""kiểm tra"" như thế, ta dùng hình thoi. Vậy hình thoi dùng để làm gì?",Hình thoi được dùng để mô tả điều kiện kiểm tra logic.,PRINCIPLE-FEEDBACK,,HS đã suy ra hình thoi dùng cho kiểm tra logic trong sơ đồ khối.,unchanged,,,PRINCIPLE-EXPLANATION,,Cần giải thích chức năng của hình thoi như nút kiểm tra điều kiện trong lưu đồ.,unchanged,,,,,,,
12,agent_label_disagreement;reference_effect_or_change_review,BC-HNMU-G6-R0214-STT3-AI04,HNMU-G6-R0214-STT3,6,Bài 16: Các cấu trúc điều khiển,Cấu trúc tuần tự là làm các việc cùng lúc hay thế nào ạ?,"[{""turn_index"": 2, ""role"": ""tutor"", ""content"": ""Em hãy nhìn vào Hình 6.6 trang 74. Các mũi tên chỉ từ Lệnh 1 sang Lệnh 2 rồi đến Lệnh 3 theo một đường thẳng hay rẽ hướng khác?""}, {""turn_index"": 3, ""role"": ""student"", ""content"": ""Dạ theo một đường thẳng từ trên xuống dưới ạ.""}]","Đúng vậy, việc thực hiện lần lượt như thế gọi là ""tuần tự"". Em thử nêu lại định nghĩa xem nào?",Cấu trúc tuần tự là cấu trúc mà các bước được thực hiện lần lượt từng bước một từ bắt đầu đến kết thúc.,PRINCIPLE-FEEDBACK,,HS đã nhận ra cấu trúc tuần tự là làm lần lượt theo thứ tự.,changed,"Gold nêu trực tiếp rằng việc thực hiện lần lượt từng bước là tuần tự, nên feedback là nhãn đúng hơn explanation.",,PRINCIPLE-EXPLANATION,,"Phản hồi nên chốt khái niệm tuần tự bằng mô tả rõ thứ tự thực hiện, không chỉ xác nhận câu trả lời.",unchanged,,,,,,,
13,agent_label_disagreement;reference_effect_or_change_review,BC-HNMU-G6-R0030-STT1-AI02,HNMU-G6-R0030-STT1,6,Bài 3. Thông tin trong máy tinh,"Thầy ơi, máy tính dùng đơn vị gì nhỏ nhất để đo thông tin ạ? ",[],Chào em! Rất vui được hỗ trợ em. Em có nhớ mỗi kí hiệu 0 hoặc 1 trong máy tính được gọi là gì không?,Bit,PRINCIPLE-QUESTIONING,,HS đang hỏi đơn vị nhỏ nhất để đo thông tin và cần được nhắc nhớ khái niệm 0/1.,changed,"Gold dùng câu hỏi khởi động khái niệm, nên questioning phù hợp hơn explanation.",,PRINCIPLE-EXPLANATION,,Cần nêu rõ đơn vị nền tảng và chức năng của nó trong đo lường thông tin.,unchanged,,,,,,,
14,agent_label_disagreement,BC-HNMU-G6-R0217-STT6-AI04,HNMU-G6-R0217-STT6,6,Bài 16: Các cấu trúc điều khiển,"Thầy ơi, sao đánh răng lại gọi là cấu trúc tuần tự ạ?","[{""turn_index"": 2, ""role"": ""tutor"", ""content"": ""Nếu em súc miệng trước khi chải răng và lấy kem sau cùng thì có sạch răng được không?""}, {""turn_index"": 3, ""role"": ""student"", ""content"": ""Ha ha, không ạ, lúc đó kem vẫn còn trong tuýp.""}]",Đúng thế! Vậy các bước này có bắt buộc phải làm lần lượt từ bước 1 đến bước 3 không?,"Vì các bước (lấy kem, chải răng, súc miệng) phải thực hiện lần lượt theo đúng thứ tự, không thể đảo lộn hay bỏ bước.",PRINCIPLE-FEEDBACK,,HS đã dùng phản ví dụ để hiểu vì sao đánh răng là chuỗi thao tác theo thứ tự.,unchanged,,,PRINCIPLE-EXPLANATION,,Phản hồi cần nối ví dụ đời sống với khái niệm tuần tự để làm rõ vì sao các bước phải theo thứ tự.,unchanged,,,,,,,
15,agent_label_disagreement;reference_effect_or_change_review,BC-HNMU-G6-R0182-STT13-AI02,HNMU-G6-R0182-STT13,6,Bài 13: Tìm kiếm và thay thế,"Thầy ơi, em muốn đổi chủ đề bài viết từ Đà Lạt sang Sa Pa cho nhanh, em dùng công cụ này được không?",[],"Hoàn toàn được chứ! Em hãy nhớ lại các ô ""Find what"" và ""Replace with"". Em sẽ điền gì vào đó?","(Thực hiện thay thế cụm từ ""Đà Lạt"" thành ""Sa Pa"" trong toàn văn bản).",PRINCIPLE-QUESTIONING,,"HS muốn đổi chủ đề bài viết nhanh bằng công cụ tìm kiếm/thay thế, nên cần gợi ra các ô cần điền.",changed,Gold dẫn bằng câu hỏi về Find what / Replace with thay vì mô tả chung.,,PRINCIPLE-PRACTICE,,Đây là tình huống áp dụng công cụ vào chỉnh sửa văn bản cụ thể nên cần dẫn vào thao tác thực hành.,unchanged,,,,,,,
16,agent_label_disagreement,BC-HNMU-G6-R0229-STT4-AI04,HNMU-G6-R0229-STT4,6,Bài 17: Chương trình máy tính,"Làm sao máy tính biết phải làm bước nào trước, bước nào sau hả thầy?","[{""turn_index"": 2, ""role"": ""tutor"", ""content"": ""Trong một chương trình có rất nhiều \""lời chỉ dẫn\"" nhỏ. Máy tính sẽ đọc và thực hiện chúng theo trình tự từ trên xuống dưới. Mỗi lời chỉ dẫn đó được gọi là một \""lệnh\"". Vậy máy tính làm việc dựa trên cái gì?""}, {""turn_index"": 3, ""role"": ""student"", ""content"": ""Dạ, dựa trên các lệnh trong chương trình ạ.""}]",Chính xác! Nó cứ làm lần lượt từng lệnh một cho đến khi hoàn thành.,Máy tính thực hiện công việc bằng cách thực hiện lần lượt các lệnh trong chương trình.,PRINCIPLE-FEEDBACK,,HS đã nhận ra máy tính làm việc bằng cách thực hiện lần lượt các lệnh.,unchanged,,,PRINCIPLE-EXPLANATION,,Cần giải thích cách máy tính đọc và làm lệnh theo trình tự từ trên xuống dưới.,unchanged,,,,,,,
17,agent_label_disagreement;reference_effect_or_change_review,BC-HNMU-G6-R0224-STT13-AI06,HNMU-G6-R0224-STT13,6,Bài 16: Các cấu trúc điều khiển,"Bài tập điểm danh này khó quá thầy ơi, em không biết dùng cấu trúc nào.","[{""turn_index"": 2, ""role"": ""tutor"", ""content"": ""Bình tĩnh nào. Việc cô giáo gọi tên từng bạn từ đầu danh sách đến cuối danh sách là hành động diễn ra một lần hay lặp đi lặp lại cho mỗi học sinh?""}, {""turn_index"": 3, ""role"": ""student"", ""content"": ""Dạ là lặp lại cho tất cả các bạn ạ.""}, {""turn_index"": 4, ""role"": ""tutor"", ""content"": ""Đúng! Vậy ta cần cấu trúc Lặp. Thế còn việc cô giáo phải chờ bạn đó trả lời rồi mới quyết định đánh dấu vắng hay gọi tiếp là cấu trúc gì?""}, {""turn_index"": 5, ""role"": ""student"", ""content"": ""À, đó là rẽ nhánh ạ! Nếu bạn trả lời thì thôi, không trả lời thì đánh dấu vắng.""}]",Tuyệt vời! Em hãy kết hợp hình thoi (kiểm tra trả lời) vào bên trong vòng lặp gọi tên nhé.,"Sử dụng cấu trúc lặp để gọi tên từng bạn; bên trong lặp có cấu trúc rẽ nhánh: Nếu bạn trả lời -> Gọi tên tiếp theo; Nếu không -> Đánh dấu vắng,.",PRINCIPLE-FEEDBACK,,HS đã ghép đúng cấu trúc lặp với rẽ nhánh trong bài điểm danh.,unchanged,,,PRINCIPLE-PRACTICE,,Cần phản hồi xác nhận lựa chọn cấu trúc của học sinh và chốt cách ghép lặp với rẽ nhánh.,changed,"Reference makes the application explicit by asking the learner to combine loop and branch inside the attendance task, so the final decision is practice rather than feedback.",,,,,,
18,agent_label_disagreement,BC-HNMU-G6-R0090-STT5-AI06,HNMU-G6-R0090-STT5,6,Bài 7: Tìm kiếm thông tin trên Internet,"Em có sách giáo khoa rồi, cần máy tìm kiếm làm gì nữa thầy?","[{""turn_index"": 2, ""role"": ""tutor"", ""content"": ""Sách giáo khoa rất tốt, nhưng nếu em muốn xem video về một thí nghiệm khoa học hay tìm hình ảnh thực tế của một loài chim quý hiếm không có trong sách, em sẽ làm thế nào?""}, {""turn_index"": 3, ""role"": ""student"", ""content"": ""Em sẽ lên mạng tìm ạ.""}, {""turn_index"": 4, ""role"": ""tutor"", ""content"": ""Chính lúc đó máy tìm kiếm sẽ giúp em. Vậy lợi ích của nó là giúp em tìm thông tin như thế nào so với việc tự đi hỏi từng người?""}, {""turn_index"": 5, ""role"": ""student"", ""content"": ""Nhanh và tiện hơn rất nhiều ạ!""}]",Rất chuẩn!,"Giúp tìm kiếm thông tin nhanh chóng, thuận tiện để phục vụ học tập và giải trí.",PRINCIPLE-FEEDBACK,,HS đã nhận ra máy tìm kiếm giúp tra cứu nhanh và thuận tiện hơn trong một số tình huống.,unchanged,,,PRINCIPLE-EXPLANATION,,Cần giải thích lợi ích bổ sung của máy tìm kiếm so với chỉ dùng sách giáo khoa.,unchanged,,,,,,,
19,reference_effect_or_change_review,BC-HNMU-G6-R0124-STT11-AI02,HNMU-G6-R0124-STT11,6,Bài 9: An toàn thông tin trên Internet,"Thầy ơi, có số lạ nhắn tin bảo em trúng iPhone 15, bảo em nhấn vào link để nhận quà. Em vui quá!",[],Bình tĩnh nào em! Em có tham gia cuộc thi nào không? Tại sao họ lại biết em mà tặng quà lớn vậy?,"Các dấu hiệu: Tin nhắn trúng thưởng lớn, yêu cầu chuyển phí để nhận quà, tin nhắn khẩn cấp từ bạn bè nhờ chuyển tiền, yêu cầu cung cấp mã OTP/mật khẩu,.",PRINCIPLE-QUESTIONING,,HS đang phấn khích trước tin nhắn trúng thưởng và cần bị kéo sang kiểm tra dấu hiệu lừa đảo.,unchanged,,,PRINCIPLE-QUESTIONING,,Phản hồi cần làm rõ dấu hiệu đáng ngờ của lời nhắn và hướng học sinh không vội tin link nhận quà.,changed,"Reference mở bằng hai câu hỏi chẩn đoán về tham gia cuộc thi và nguồn gốc lời nhắn, nên questioning là chính.",,,,,,
20,agent_label_disagreement,BC-HNMU-G6-R0227-STT2-AI06,HNMU-G6-R0227-STT2,6,Bài 17: Chương trình máy tính,Em chưa hiểu ngôn ngữ lập trình thực sự có ích lợi gì ạ.,"[{""turn_index"": 2, ""role"": ""tutor"", ""content"": ""Em có thể dùng tiếng Việt để bảo máy tính \""Hãy vẽ hình tròn\"" và nó thực hiện ngay được không?""}, {""turn_index"": 3, ""role"": ""student"", ""content"": ""Dạ không, máy tính không hiểu tiếng Việt trực tiếp như thế.""}, {""turn_index"": 4, ""role"": ""tutor"", ""content"": ""Đúng rồi! Vì vậy ta cần một loại ngôn ngữ đặc biệt làm \""cầu nối\"". Theo em, ngôn ngữ này giúp ta tạo ra cái gì để máy tính làm theo?""}, {""turn_index"": 5, ""role"": ""student"", ""content"": ""À, giúp tạo ra chương trình để chỉ dẫn cho máy tính ạ!""}]","Tuyệt vời, em đã hiểu đúng trọng tâm rồi đấy.",Ngôn ngữ lập trình là ngôn ngữ được dùng để tạo ra chương trình chỉ dẫn cho máy tính thực hiện công việc.,PRINCIPLE-FEEDBACK,,HS đã tự rút ra ích lợi của ngôn ngữ lập trình là tạo chương trình cho máy tính làm theo.,unchanged,,,PRINCIPLE-EXPLANATION,,Cần giải thích chức năng của ngôn ngữ lập trình như công cụ để chỉ dẫn máy tính.,unchanged,,,,,,,
21,agent_label_disagreement,BC-HNMU-G6-R0174-STT5-AI06,HNMU-G6-R0174-STT5,6,Bài 13: Tìm kiếm và thay thế,"Văn bản ngắn em tự tìm bằng mắt cũng được mà, sao phải học công cụ này hả thầy?","[{""turn_index"": 2, ""role"": ""tutor"", ""content"": ""Câu hỏi rất thực tế! Thế nếu văn bản của em dài 100 trang và em cần tìm một cái tên bị viết sai chính tả, em tìm bằng mắt sẽ mất bao lâu?""}, {""turn_index"": 3, ""role"": ""student"", ""content"": ""Ôi, thế thì mỏi mắt và dễ sót lắm ạ.""}, {""turn_index"": 4, ""role"": ""tutor"", ""content"": ""Đúng vậy! Vậy công cụ này giúp ích gì cho em về mặt \""thời gian\"" và độ \""tin cậy\""?""}, {""turn_index"": 5, ""role"": ""student"", ""content"": ""Nó giúp mình làm nhanh hơn và không bị bỏ sót ạ. Vậy là nhanh và chính xác hơn đúng không thầy?""}]",Rất chuẩn xác! Đó chính là ưu điểm lớn nhất của nó.,"Giúp tìm kiếm và thay thế thông tin một cách nhanh chóng và chính xác, đặc biệt với văn bản dài.",PRINCIPLE-FEEDBACK,,HS đã nhận ra công cụ tìm kiếm giúp làm việc nhanh hơn và tránh sót khi văn bản dài.,unchanged,,,PRINCIPLE-EXPLANATION,,Phản hồi cần khái quát lợi ích về tốc độ và độ tin cậy của công cụ tìm kiếm.,unchanged,,,,,,,
22,deterministic_agreement_audit,BC-HNMU-G6-R0130-STT3-AI06,HNMU-G6-R0130-STT3,6,Bài 10: Sơ đồ tư duy,Một sơ đồ tư duy cần có những gì để hoàn chỉnh ạ?,"[{""turn_index"": 2, ""role"": ""tutor"", ""content"": ""Hãy nhìn vào Hình 5.2. Ở giữa trung tâm là gì em nhỉ?""}, {""turn_index"": 3, ""role"": ""student"", ""content"": ""Là \""Sổ lưu niệm\"", chắc là chủ đề chính ạ.""}, {""turn_index"": 4, ""role"": ""tutor"", ""content"": ""Giỏi lắm! Từ đó tỏa ra các \""cánh tay\"" gọi là gì? Và trên đó có chữ hay hình gì không?""}, {""turn_index"": 5, ""role"": ""student"", ""content"": ""Dạ là các nhánh, có chữ và cả hình ảnh minh họa nữa ạ.""}]",Tuyệt vời! Em đã liệt kê đủ các thành phần rồi đó.,"Chủ đề chính, chủ đề con (các nhánh), từ khoá, hình ảnh, đường nối.",PRINCIPLE-FEEDBACK,,HS đã liệt kê đủ các thành phần chính của sơ đồ tư duy.,unchanged,,,PRINCIPLE-FEEDBACK,,Phản hồi nên xác nhận các thành phần em vừa nhận diện và củng cố cấu trúc sơ đồ tư duy.,unchanged,,,,,,,
23,deterministic_agreement_audit,BC-HNMU-G6-R0057-STT14-AI06,HNMU-G6-R0057-STT14,6,Bài 4. Mạng máy tính,"Máy tính em báo ""Printer Offline"" dù em đã cắm mạng, làm sao đây thầy?","[{""turn_index"": 2, ""role"": ""tutor"", ""content"": ""Bình tĩnh nào! Đầu tiên hãy kiểm tra \""Thiết bị đầu cuối\"" là máy in xem nó đã bật nguồn chưa?""}, {""turn_index"": 3, ""role"": ""student"", ""content"": ""Dạ máy in đang bật đèn xanh ạ.""}, {""turn_index"": 4, ""role"": ""tutor"", ""content"": ""Tốt! Tiếp theo hãy xem \""Thiết bị kết nối\"" là dây cáp mạng có bị lỏng không?""}, {""turn_index"": 5, ""role"": ""student"", ""content"": ""À... dây cáp bị tuột ra một chút ạ. Em cắm lại thì in được rồi!""}]",Tuyệt vời! Em đã biết cách kiểm tra các thành phần mạng để sửa lỗi rồi đấy.,"Kiểm tra kết nối vật lý (dây cáp/wifi), kiểm tra máy in đã bật chưa, kiểm tra phần mềm mạng.",PRINCIPLE-FEEDBACK,,HS đã lần ra lỗi dây cáp lỏng là nguyên nhân Printer Offline.,unchanged,,,PRINCIPLE-FEEDBACK,,Cần phản hồi dựa trên quan sát lỗi thực tế và xác nhận nguyên nhân để củng cố cách kiểm tra thiết bị kết nối.,unchanged,,,,,,,
24,deterministic_agreement_audit,BC-HNMU-G6-R0083-STT12-AI06,HNMU-G6-R0083-STT12,6,Bài 6: Mạng thông tin toàn cầu,"Thầy ơi, em muốn tra nghĩa của từ tiếng Anh nhưng nhà không có từ điển giấy ạ.","[{""turn_index"": 2, ""role"": ""tutor"", ""content"": ""Internet chính là một kho từ điển khổng lồ đấy! Em hãy thử gõ \""từ điển Soha\"" vào trình duyệt xem.""}, {""turn_index"": 3, ""role"": ""student"", ""content"": ""Em thấy rồi, nó có một ô trống để nhập từ ạ.""}, {""turn_index"": 4, ""role"": ""tutor"", ""content"": ""Đúng rồi! Giờ em hãy nhập từ \""Internet\"" vào đó và nhấn tìm kiếm. Nó hiện ra nghĩa gì nào?""}, {""turn_index"": 5, ""role"": ""student"", ""content"": ""Nó ghi là mạng máy tính toàn cầu kết nối các mạng khác nhau... Hay quá thầy ạ!""}]","Tuyệt vời, giờ em có thể tra bất cứ từ nào em muốn rồi!","Truy cập vào trang web từ điển (như soha.vn hoặc dictionary.cambridge.org), gõ từ ""Internet"" và xem giải nghĩa.",PRINCIPLE-FEEDBACK,,HS đã tra được từ điển trực tuyến và đọc được nghĩa cần tìm.,unchanged,,,PRINCIPLE-FEEDBACK,,Phản hồi nên xác nhận thao tác đúng và củng cố cách dùng Internet như nguồn tra cứu.,unchanged,,,,,,,
25,deterministic_agreement_audit,BC-HNMU-G6-R0176-STT7-AI02,HNMU-G6-R0176-STT7,6,Bài 13: Tìm kiếm và thay thế,Thầy tóm tắt lại các bước để em tự thực hiện tìm kiếm với ạ.,[],"Đầu tiên, em cần mở công cụ tìm kiếm ở đâu?",B1: Chọn Home/Find; B2: Nhập từ cần tìm vào ô Search; B3: Quan sát các kết quả được đánh dấu trên văn bản.,PRINCIPLE-QUESTIONING,,"HS muốn tóm tắt các bước để tự làm tìm kiếm, nên cần được kéo vào việc nêu bước đầu tiên.",changed,"Gold chỉ hỏi bước mở đầu thay vì trình diễn đủ quy trình, nên questioning phù hợp hơn modelling.",,PRINCIPLE-QUESTIONING,,"Phản hồi cần trình bày một mẫu quy trình ngắn, làm rõ từng bước để học sinh có thể làm theo.",changed,"Reference mở bằng câu hỏi về bước đầu tiên của Find, nên là guided questioning hơn là modelling.",,,,,,
26,deterministic_agreement_audit,BC-HNMU-G6-R0142-STT1-AI02,HNMU-G6-R0142-STT1,6,Bài 11: Định dạng văn bản,"Thầy AI ơi, phần mềm soạn thảo văn bản giúp mình làm được những gì ngoài viết chữ ạ? ",[],"Chào em! Hãy nhớ lại khi em dùng Word để làm một bài tập, sau khi gõ chữ xong, em có thể thay đổi màu sắc hay sửa lỗi sai không? ","Các chức năng cơ bản: Tạo và định dạng văn bản; Biên tập, chỉnh sửa nội dung; Lưu trữ văn bản; In văn bản.",PRINCIPLE-QUESTIONING,,HS đang hỏi phần mềm soạn thảo văn bản làm được gì ngoài viết chữ.,changed,"Gold dẫn HS nhớ lại thao tác Word bằng một câu hỏi gợi mở, nên questioning.",,PRINCIPLE-QUESTIONING,,Phản hồi cần nêu các chức năng cơ bản khác của phần mềm để mở rộng hiểu biết.,changed,Reference hỏi lại các chức năng trong Word để học sinh tự khái quát thêm ngoài viết chữ.,,,,,,
27,deterministic_agreement_audit,BC-HNMU-G6-R0094-STT9-AI04,HNMU-G6-R0094-STT9,6,Bài 7: Tìm kiếm thông tin trên Internet,"Nếu em muốn tìm ""lịch thi đấu bóng đá"", em chỉ gõ từ ""bóng đá"" thôi được không thầy?","[{""turn_index"": 2, ""role"": ""tutor"", ""content"": ""Nếu em gõ \""bóng đá\"", máy sẽ hiện ra cả triệu kết quả về: luật chơi, bán bóng, tin tức... Liệu em có dễ dàng tìm thấy \""lịch thi đấu\"" không?""}, {""turn_index"": 3, ""role"": ""student"", ""content"": ""Dạ chắc là khó ạ, vì nhiều thông tin quá.""}]","Vậy nếu em thêm chữ ""lịch thi đấu"" vào sau, kết quả sẽ như thế nào?","Để máy tìm kiếm thu hẹp phạm vi và đưa ra kết quả chính xác, đúng nhu cầu hơn.",PRINCIPLE-QUESTIONING,,HS cần tự nhận ra từ khóa cụ thể hơn sẽ thu hẹp kết quả tìm kiếm.,changed,"Gold chuyển sang một câu hỏi tiếp theo về tác động của việc thêm từ khóa, nên đây là questioning.",,PRINCIPLE-QUESTIONING,,Phản hồi cần giải thích vì sao từ khóa cụ thể hơn giúp tìm đúng thông tin hơn.,changed,"Reference yêu cầu dự đoán kết quả khi thêm từ khóa cụ thể hơn, nên chức năng chính là questioning.",,,,,,
28,deterministic_agreement_audit,BC-HNMU-G6-R0055-STT12-AI02,HNMU-G6-R0055-STT12,6,Bài 4. Mạng máy tính,"Thầy ơi, em muốn vẽ sơ đồ mạng nhà em nhưng không biết cái cục Modem đặt ở đâu.",[],"Thông thường, Modem là nơi đón tín hiệu Internet từ ngoài vào nhà. Vậy em sẽ vẽ nó ở đầu hay ở cuối sơ đồ?","Sơ đồ: Internet -> Modem/Access Point -> (Máy tính, Điện thoại, Tivi).",PRINCIPLE-EXPLANATION,,HS đang hỏi modem nên được đặt ở đâu trong sơ đồ mạng gia đình.,unchanged,,,PRINCIPLE-EXPLANATION,,Phản hồi cần giải thích vai trò và vị trí đặt modem trong sơ đồ mạng gia đình.,unchanged,,,,,,,
29,deterministic_agreement_audit,BC-HNMU-G6-R0180-STT11-AI06,HNMU-G6-R0180-STT11,6,Bài 13: Tìm kiếm và thay thế,"Thầy ơi, làm sao biết có tất cả bao nhiêu từ ""Học sinh"" mà không phải ngồi đếm tay ạ?","[{""turn_index"": 2, ""role"": ""tutor"", ""content"": ""Khi em nhập từ \""Học sinh\"" vào ô tìm kiếm (Find), máy tính có hiển thị con số nào kèm theo không?""}, {""turn_index"": 3, ""role"": ""student"", ""content"": ""Dạ, nó hiện \""15 matches\"" ở dưới ô em vừa gõ ạ.""}, {""turn_index"": 4, ""role"": ""tutor"", ""content"": ""Con số 15 đó cho em biết điều gì?""}, {""turn_index"": 5, ""role"": ""student"", ""content"": ""Dạ là có 15 từ \""Học sinh\"" trong văn bản ạ. Tiện quá thầy nhỉ!""}]",Đúng rồi! Em đã vận dụng công cụ Tìm kiếm để thống kê dữ liệu rất tốt.,"(Học sinh thực hiện: Nhập ""Học sinh"" vào ô Find và đọc số lượng kết quả hiện ra).",PRINCIPLE-FEEDBACK,,HS đã đọc được số lượng kết quả tìm thấy và suy ra số lần xuất hiện của cụm từ.,unchanged,,,PRINCIPLE-FEEDBACK,,Cần phản hồi xác nhận kết quả đếm tự động và củng cố cách đọc số match.,unchanged,,,,,,,
