benchmark_candidate_id,sample_id,grade,lesson,position,bloom_level,student_prompt,conversation_history,source_question,gold_answer
BC-HNMU-G6-R0048-STT5-AI04,HNMU-G6-R0048-STT5,6,Bài 4. Mạng máy tính,"Mục 1, Trang 17 SGK",Thông hiểu (Giải thích lợi ích),"Thầy ơi, nếu không có mạng thì máy tính vẫn hoạt động được mà, tại sao phải cần mạng ạ?","[{""turn_index"": 2, ""role"": ""tutor"", ""content"": ""Đúng là máy vẫn chạy, nhưng em thử nghĩ xem: Nếu cả lớp có 30 máy tính mà chỉ có 1 máy in, ta phải làm sao để máy nào cũng in được?""}, {""turn_index"": 3, ""role"": ""student"", ""content"": ""Chắc là phải copy vào USB rồi mang ra máy có nối máy in ạ.""}]",Tại sao chúng ta cần mạng máy tính?,"Để chia sẻ dữ liệu, dùng chung thiết bị (như máy in) và dùng chung phần mềm."
BC-HNMU-G6-R0181-STT12-AI02,HNMU-G6-R0181-STT12,6,Bài 13: Tìm kiếm và thay thế,"Luyện tập 2, Trang 66",Vận dụng (Thực hiện thay thế lỗi),"Bài tập yêu cầu sửa lỗi viết dính liền ""Sapa"" thành ""Sa Pa"" cho cả bài, em làm thế nào đây thầy?",[],"Thực hiện thay thế toàn bộ các từ ""Sapa"" (viết sai) thành ""Sa Pa"" (viết đúng).",(Học sinh thực hiện lệnh Replace All: Find what: Sapa; Replace with: Sa Pa).
BC-HNMU-G6-R0173-STT4-AI06,HNMU-G6-R0173-STT4,6,Bài 13: Tìm kiếm và thay thế,"Mục 2, Trang 65",Nhận biết (Nêu tên nút lệnh),"Thầy ơi, nếu văn bản có 100 từ ""Hà Nội"" mà em muốn đổi thành ""Thủ đô"" hết một lượt thì làm thế nào ạ?","[{""turn_index"": 2, ""role"": ""tutor"", ""content"": ""Nếu em nhấn \""Replace\"", máy sẽ chỉ đổi từng từ một. Em có thấy nút nào có chữ \""All\"" (tất cả) ở ngay bên cạnh không?""}, {""turn_index"": 3, ""role"": ""student"", ""content"": ""Dạ có nút Replace All ạ.""}, {""turn_index"": 4, ""role"": ""tutor"", ""content"": ""Đúng rồi! Em đoán xem nút đó sẽ giúp em làm gì?""}, {""turn_index"": 5, ""role"": ""student"", ""content"": ""Chắc là nó sẽ thay thế tất cả các từ máy tìm được cùng một lúc luôn đúng không thầy?""}]","Để thay thế tất cả các từ tìm được cùng lúc, em chọn nút lệnh nào?",Chọn nút lệnh Replace All.
BC-HNMU-G6-R0238-STT13-AI04,HNMU-G6-R0238-STT13,6,Bài 17: Chương trình máy tính,"Vận dụng 1, Trang 81",Vận dụng (Tạo được sơ đồ khối),Em không biết dùng hình học nào để vẽ sơ đồ so sánh hai số a và b.,"[{""turn_index"": 2, ""role"": ""tutor"", ""content"": ""Để so sánh hay kiểm tra một điều kiện (như a có lớn hơn b không), em có nhớ Bài 16 hướng dẫn dùng hình gì không?""}, {""turn_index"": 3, ""role"": ""student"", ""content"": ""Dạ dùng hình thoi ạ!""}]",Vẽ sơ đồ khối thuật toán tìm số lớn hơn trong hai số a và b.,"Sơ đồ gồm: Bắt đầu -> Nhập a, b -> Kiểm tra a > b? -> Đúng: Xuất a; Sai: Xuất b -> Kết thúc."
BC-HNMU-G6-R0076-STT5-AI04,HNMU-G6-R0076-STT5,6,Bài 6: Mạng thông tin toàn cầu,Mục 1. Kiến thức mới (Tr. 27),Thông hiểu (Giải thích chức năng),Tại sao mỗi website lại cần một địa chỉ riêng dài dằng dặc thế ạ?,"[{""turn_index"": 2, ""role"": ""tutor"", ""content"": ""Nếu em muốn gửi thư cho một người bạn, em có cần biết địa chỉ nhà bạn ấy không?""}, {""turn_index"": 3, ""role"": ""student"", ""content"": ""Dạ cần chứ ạ, nếu không thư sẽ bị lạc.""}]",Địa chỉ website dùng để làm gì?,Dùng để xác định vị trí duy nhất của website đó trên mạng để người dùng có thể truy cập.
BC-HNMU-G6-R0091-STT6-AI04,HNMU-G6-R0091-STT6,6,Bài 7: Tìm kiếm thông tin trên Internet,Mục 1. Lưu ý (Tr. 32),Thông hiểu (Giải thích được sự cần thiết),"Thầy ơi, có trang web hỏi số điện thoại của em để cho xem kết quả, em có nên cho không?","[{""turn_index"": 2, ""role"": ""tutor"", ""content"": ""Em hãy đọc tờ giấy nhớ màu vàng ở trang 32 nhé. Nó khuyên chúng ta \""Không cung cấp thông tin cá nhân\"". Em thử đoán xem nếu người xấu biết số điện thoại của em, họ có thể làm gì?""}, {""turn_index"": 3, ""role"": ""student"", ""content"": ""Họ có thể gọi điện lừa đảo em ạ.""}]",Tại sao không nên cung cấp thông tin cá nhân khi truy cập Internet?,Để bảo vệ an toàn cho bản thân và tránh bị kẻ xấu lợi dụng.
BC-HNMU-G6-R0221-STT10-AI04,HNMU-G6-R0221-STT10,6,Bài 16: Các cấu trúc điều khiển,"Mục 1.a, Trang 74",Thông hiểu (Nhận xét về tính logic),"Nếu em đổi bước ""Cho sách vào cặp"" lên trước bước ""Xem thời khóa biểu"" thì thuật toán có chạy được không thầy?","[{""turn_index"": 2, ""role"": ""tutor"", ""content"": ""Em hãy thử tưởng tượng hành động đó xem. Em có biết cần lấy sách môn gì để cho vào cặp không nếu chưa xem thời khóa biểu?""}, {""turn_index"": 3, ""role"": ""student"", ""content"": ""Dạ không, em sẽ lấy nhầm hoặc lấy đại ạ.""}]",Điều gì xảy ra nếu một thuật toán tuần tự bị thay đổi thứ tự các bước?,Thuật toán sẽ cho kết quả sai hoặc không thể thực hiện được do tính trình tự bị phá vỡ.
BC-HNMU-G6-R0153-STT12-AI04,HNMU-G6-R0153-STT12,6,Bài 11: Định dạng văn bản,Thực hành (Tr. 56-57),Vận dụng (Tạo được sản phẩm số),"Em đang thiết kế tờ rơi nhưng nhìn nó vẫn hơi ""chán"", thầy gợi ý cho em cách làm nó bắt mắt hơn được không ạ? ","[{""turn_index"": 2, ""role"": ""tutor"", ""content"": ""Một tờ rơi hay cần có: 1. Tiêu đề thật to và đậm; 2. Hình ảnh minh họa sinh động; 3. Màu sắc chữ hài hòa. Em đã thử thay đổi phông chữ nào trông hiện đại chưa? ""}, {""turn_index"": 3, ""role"": ""student"", ""content"": ""Dạ chưa, em vẫn dùng phông mặc định ạ. ""}]",Em hãy tạo một tờ rơi giới thiệu về câu lạc bộ Tin học của trường mình.,"HS tạo văn bản, chèn hình ảnh, định dạng phông chữ, cỡ chữ, màu sắc thu hút người xem."
BC-HNMU-G6-R0230-STT5-AI06,HNMU-G6-R0230-STT5,6,Bài 17: Chương trình máy tính,"Mục 1, Trang 78",Thông hiểu (Giải thích sự cần thiết),Tại sao mình không bảo máy tính làm luôn mà phải viết chương trình phức tạp vậy ạ?,"[{""turn_index"": 2, ""role"": ""tutor"", ""content"": ""Theo em, máy tính có \""bộ não\"" thông minh tự nhiên có thể tự suy nghĩ như em không?""}, {""turn_index"": 3, ""role"": ""student"", ""content"": ""Dạ không, nó chỉ là một cái máy thôi ạ.""}, {""turn_index"": 4, ""role"": ""tutor"", ""content"": ""Đúng thế! Vậy nếu không có ai chỉ cho nó \""Bước 1 làm gì, Bước 2 làm gì\"", nó có biết phải bắt đầu từ đâu không?""}, {""turn_index"": 5, ""role"": ""student"", ""content"": ""Em hiểu rồi, nó cần chương trình làm \""bản chỉ dẫn\"" để biết phải hành động thế nào. Nếu không nó chỉ là một khối vật chất không biết hành động.""}]",Tại sao máy tính cần có chương trình để hoạt động?,"Vì máy tính là vật vô tri, nó không tự hiểu ngôn ngữ tự nhiên hay sơ đồ khối, nó cần chương trình để biết các bước thực hiện nhiệm vụ."
BC-HNMU-G6-R0239-STT14-AI08,HNMU-G6-R0239-STT14,6,Bài 17: Chương trình máy tính,"Vận dụng 2, Trang 81",Vận dụng (Viết được chương trình),"Thầy ơi, em muốn viết chương trình tính trung bình cộng 3 số trong Scratch nhưng lúng túng quá.","[{""turn_index"": 2, ""role"": ""tutor"", ""content"": ""Đừng lo! Hãy dựa vào logic của bài tính trung bình 3 môn ở Hình 6.15 em vừa học. Đầu tiên em cần mấy câu lệnh \""hỏi\"" để lấy dữ liệu?""}, {""turn_index"": 3, ""role"": ""student"", ""content"": ""Dạ 3 câu hỏi cho 3 số ạ.""}, {""turn_index"": 4, ""role"": ""tutor"", ""content"": ""Đúng! Sau khi có 3 số, em dùng phép toán nào để tính giá trị trung bình?""}, {""turn_index"": 5, ""role"": ""student"", ""content"": ""Em lấy tổng 3 số đó rồi chia cho 3 ạ.""}, {""turn_index"": 6, ""role"": ""tutor"", ""content"": ""Chính xác. Cuối cùng, em dùng khối lệnh nào để máy tính hiện kết quả ra màn hình?""}, {""turn_index"": 7, ""role"": ""student"", ""content"": ""Dùng khối lệnh \""nói\"" ạ. Em làm được rồi, cảm ơn thầy!""}]",Hãy viết chương trình Scratch tính trung bình cộng của 3 số.,Sử dụng các lệnh: khi nhấn vào lá cờ; hỏi và đợi; đặt biến; phép toán cộng và chia; nói.
BC-HNMU-G7-R0193-STT10-AI04,HNMU-G7-R0193-STT10,7,Bài 14. Thuật toán tìm kiếm tuần tự,"Phần Luyện tập (Trang 79, SGK - Câu hỏi sinh thêm)",Thông hiểu,"Thầy AI ơi, em có thắc mắc. Trong dãy, số 5 xuất hiện tận 2 lần. Máy tính sẽ thông báo kết quả ở vị trí thứ 2, vị trí thứ 4, hay in ra cả hai vị trí ạ?","[{""turn_index"": 2, ""role"": ""tutor"", ""content"": ""Một câu hỏi phản biện rất sắc sảo! Để giải quyết, em hãy lật lại \""điều kiện dừng\"" cốt lõi của thuật toán này. Nó được chỉ định dừng khi nào?""}, {""turn_index"": 3, ""role"": ""student"", ""content"": ""Dạ, thuật toán dừng khi \""đã duyệt hết danh sách\"" hoặc khi \""tìm thấy giá trị cần tìm\"" ạ.""}]",Phân tích được kết quả đầu ra khi tìm số 5 trong dãy theo thuật toán tìm kiếm tuần tự.,Máy báo tìm thấy ở vị trí số 2 và thuật toán kết thúc ngay. Các số 5 phía sau không được tìm tới do máy đã thoả mãn điều kiện dừng.
BC-HNMU-G7-R0166-STT11-AI02,HNMU-G7-R0166-STT11,7,Bài 12: Định dạng đối tượng trên trang chiếu,Mục 3. Trang 71,Vận dụng (Thực hiện được),"Em biết chèn ảnh vào file Word, nhưng sang PowerPoint giao diện khác quá em mò mãi không ra nút đó.",[],Thực hiện được thao tác chèn hình ảnh từ máy tính vào trang chiếu.,Chọn dải lệnh Insert -> Pictures -> Browse đến thư mục chứa ảnh -> Chọn ảnh và nhấn Insert.
BC-HNMU-G7-R0005-STT4-AI06,HNMU-G7-R0005-STT4,7,Bài 1. Thiết bị vào - ra,"Mục 1, Trang 7 SGK",Nhận biết (Biết được chức năng hỗn hợp),"Thầy ơi, có thiết bị nào làm được cả hai việc vào và ra không ạ?","[{""turn_index"": 2, ""role"": ""tutor"", ""content"": ""Có chứ em! Em hãy nghĩ về chiếc điện thoại thông minh. Khi em chạm tay vào màn hình để mở ứng dụng, lúc đó màn hình đang làm nhiệm vụ gì?""}, {""turn_index"": 3, ""role"": ""student"", ""content"": ""Dạ là nhận lệnh từ ngón tay em, nên là thiết bị vào ạ.""}, {""turn_index"": 4, ""role"": ""tutor"", ""content"": ""Tốt! Thế cũng chính cái màn hình đó hiện lên hình ảnh cho em xem thì nó là gì?""}, {""turn_index"": 5, ""role"": ""student"", ""content"": ""À, là thiết bị ra! Vậy màn hình cảm ứng là cả hai luôn thầy nhỉ?""}]","Thiết bị nào sau đây vừa là thiết bị vào, vừa là thiết bị ra?
 A. Chuột.
 B. Màn hình cảm ứng.
 C. Bàn phím.",B. Màn hình cảm ứng.
BC-HNMU-G7-R0197-STT14-AI12,HNMU-G7-R0197-STT14,7,Bài 14. Thuật toán tìm kiếm tuần tự,"Phần Luyện tập (Trang 79, SGK - Câu hỏi sinh thêm)",Vận dụng,"Thưa gia sư, đề bài yêu cầu tìm ""Số lớn nhất"" trong dãy bằng cách lướt tuần tự. Làm sao máy tính ghi nhớ được số nào đang là lớn nhất ạ?","[{""turn_index"": 2, ""role"": ""tutor"", ""content"": ""Chúng ta hãy tưởng tượng em đang làm trọng tài cho trò chơi \""Ai cao nhất\"". Ban đầu, em gọi người số 1 (mang số 5) bước ra. Do chưa có ai khác so sánh, em tạm ghi nhận kỉ lục hiện tại (biến Max) là mấy?""}, {""turn_index"": 3, ""role"": ""student"", ""content"": ""Dạ, tạm thời biến Max là 5 ạ.""}, {""turn_index"": 4, ""role"": ""tutor"", ""content"": ""Tốt lắm. Bước 2, em gọi người số 2 (mang số 9) bước ra. Em làm thao tác gì giữa số 9 và kỉ lục Max (đang là 5)?""}, {""turn_index"": 5, ""role"": ""student"", ""content"": ""Em so sánh hai số. Thấy số 9 lớn hơn số 5, vậy số 9 sẽ đẩy số 5 ra và chiếm lấy vị trí kỉ lục ạ!""}, {""turn_index"": 6, ""role"": ""tutor"", ""content"": ""Rất sinh động! Vậy lúc này bộ nhớ của biến Max đã được cập nhật thành số mấy?""}, {""turn_index"": 7, ""role"": ""student"", ""content"": ""Max được ghi đè và cập nhật bằng 9 ạ.""}, {""turn_index"": 8, ""role"": ""tutor"", ""content"": ""Tiếp tục lướt tuần tự, em duyệt đến người số 3 (mang số 2). So với biến Max hiện tại (số 9) thì thế nào?""}, {""turn_index"": 9, ""role"": ""student"", ""content"": ""Số 2 nhỏ hơn số 9, nên không đủ điều kiện làm kỉ lục. Max vẫn giữ nguyên giá trị là 9.""}, {""turn_index"": 10, ""role"": ""tutor"", ""content"": ""Tương tự với phần tử cuối cùng (số 7) thì sao? Và khi kết thúc dãy, đáp án chung cuộc em thu được là gì?""}, {""turn_index"": 11, ""role"": ""student"", ""content"": ""Số 7 cũng nhỏ hơn 9 nên bị loại. Đã duyệt hết danh sách rồi, vậy chung cuộc số lớn nhất Max là 9 ạ. Em đã hiểu cơ chế máy tính lưu trữ và cập nhật biến Max rồi!""}]",Áp dụng thuật toán tìm kiếm tuần tự để xác định quy trình tìm số lớn nhất trong một dãy số bất kì.,"Gán một biến Max = phần tử đầu tiên. Duyệt lần lượt các phần tử tiếp theo, nếu phần tử đang xét > Max thì cập nhật Max = phần tử đó. Kết quả cuối cùng là Max."
BC-HNMU-G7-R0081-STT10-AI04,HNMU-G7-R0081-STT10,7,Bài 6: Làm quen với phần mềm bảng tính,Mục 2. Lưu ý (Tr. 46 SGK),Thông hiểu (Phân biệt được),"Thầy ơi, sao em gõ ""Hoa hồng"" thì nó nằm bên trái, còn gõ số ""15"" nó lại nhảy sang phải ô ạ?","[{""turn_index"": 2, ""role"": ""tutor"", ""content"": ""Đó là cách thông minh để máy tính giúp em phân biệt loại dữ liệu đấy. Theo em, loại nào thì thường được dùng để tính toán (cộng, trừ...)?""}, {""turn_index"": 3, ""role"": ""student"", ""content"": ""Dạ là số ạ.""}]",Phần mềm bảng tính tự động căn lề dữ liệu số và dữ liệu chữ như thế nào?,"Dữ liệu số tự động căn lề phải; dữ liệu chữ tự động căn lề trái,."
BC-HNMU-G7-R0062-STT5-AI06,HNMU-G7-R0062-STT5,7,Bài 5. Ứng xử trên mạng,"Mục 2, Trang 24 SGK",Thông hiểu (Giải quyết được tình huống),Thưa thầy! khi em đang truy cập mạng mà máy tính hiện lên những trang web có nội dung bạo lực hoặc không phù hợp với lứa tuổi thì em nên làm gì ạ?,"[{""turn_index"": 2, ""role"": ""tutor"", ""content"": ""Theo em, nếu tiếp tục xem những nội dung đó thì có mang lại lợi ích hay có thể gây ảnh hưởng không tốt đến em?""}, {""turn_index"": 3, ""role"": ""student"", ""content"": ""Em nghĩ là không ạ. Những nội dung đó có thể ảnh hưởng xấu đến em.""}, {""turn_index"": 4, ""role"": ""tutor"", ""content"": ""Đúng rồi. Vậy theo em, em nên tiếp tục xem hay đóng ngay trang web đó? Nếu tình trạng vẫn lặp lại thì em nên nhờ ai giúp đỡ?""}, {""turn_index"": 5, ""role"": ""student"", ""content"": ""Em nên đóng ngay trang web đó và nhờ bố mẹ hoặc thầy cô giúp đỡ nếu vẫn gặp lại.""}]","Khi em đang truy cập mạng, máy tính thỉnh thoảng lại hiện lên những trang web có nội dung bạo lực, nội dung không phù hợp với lứa tuổi, em sẽ làm gì?","Em cần đóng ngay trang web,không tiếp tục truy cập hoặc chia sẻ nội dung đó, đồng thời báo cho bố mẹ, thầy cô hoặc người lớn đáng tin cậy để được hỗ trợ"
BC-HNMU-G7-R0034-STT5-AI04,HNMU-G7-R0034-STT5,7,Bài 3. Quản lí dữ liệu trong máy tính,"Mục 1, Trang 13 SGK",Thông hiểu (Giải thích được sự cần thiết),"Thầy ơi, sao mình không để hết tệp ra màn hình cho nhanh mà phải chia vào nhiều thư mục con chi cho mệt ạ?","[{""turn_index"": 2, ""role"": ""tutor"", ""content"": ""Thầy lấy ví dụ nhé: Nếu em có 1000 viên bi đủ màu trong một cái thùng, việc tìm viên màu đỏ sẽ thế nào?""}, {""turn_index"": 3, ""role"": ""student"", ""content"": ""Dạ sẽ rất lâu và khó tìm ạ.""}]",Tại sao cần phải phân loại dữ liệu và tổ chức chúng theo cấu trúc cây?,Để thuận lợi cho việc tìm kiếm dữ liệu khi cần.
BC-HNMU-G7-R0007-STT6-AI06,HNMU-G7-R0007-STT6,7,Bài 1. Thiết bị vào - ra,"Câu hỏi 2, Trang 9 SGK",Thông hiểu (Giải thích được tác hại),"Em hay vừa ăn bánh vừa xem phim trên máy tính, sao thầy cô lại cấm ạ?","[{""turn_index"": 2, ""role"": ""tutor"", ""content"": ""Thầy hiểu là rất tiện, nhưng em thử tưởng tượng nếu một mẩu bánh vụn rơi vào kẽ bàn phím thì sao?""}, {""turn_index"": 3, ""role"": ""student"", ""content"": ""Dạ chắc là nó bị kẹt hoặc kiến chui vào ạ.""}, {""turn_index"": 4, ""role"": ""tutor"", ""content"": ""Chính xác! Thậm chí nếu nước ngọt đổ vào mạch điện bên trong thì máy sẽ bị gì nhỉ?""}, {""turn_index"": 5, ""role"": ""student"", ""content"": ""Dạ bị chập mạch và hỏng luôn ạ.""}]",Tại sao không nên vừa ăn vừa sử dụng máy tính?,"Vì có thể làm rơi thức ăn, nước uống vào thiết bị gây hỏng hóc hoặc mất an toàn."
BC-HNMU-G7-R0024-STT9-AI04,HNMU-G7-R0024-STT9,7,Bài 2. Phần mềm máy tính,"Hoạt động khởi động, Trang 22 SGV",Thông hiểu (Giải thích sự cần thiết),"Thầy ơi, nếu em mua máy tính xịn mà không cài Windows thì có chơi game được không ạ?","[{""turn_index"": 2, ""role"": ""tutor"", ""content"": ""Một câu hỏi rất thực tế! Em hãy nghĩ xem, các linh kiện như CPU hay RAM có biết tự trò chuyện với em không?""}, {""turn_index"": 3, ""role"": ""student"", ""content"": ""Dạ không, nó chỉ là mấy miếng mạch điện thôi ạ.""}]",Điều gì xảy ra nếu máy tính có phần cứng nhưng không có hệ điều hành?,Máy tính sẽ chỉ là một khối vật chất không phản hồi và người dùng không thể sử dụng được.
BC-HNMU-G7-R0160-STT5-AI06,HNMU-G7-R0160-STT5,7,Bài 12: Định dạng đối tượng trên trang chiếu,Mục 1. Trang 69 (Sinh thêm),Thông hiểu (Giải thích được),"Cô giáo bảo slide của em bị ""rối"", do em chèn 5 cái ảnh. Sao nhiều ảnh lại rối ạ?","[{""turn_index"": 2, ""role"": ""tutor"", ""content"": ""Đừng vội nản lòng. Em thử tưởng tượng em bước vào một căn phòng có 5 cái tivi cùng bật 5 kênh khác nhau, em sẽ nhìn vào đâu? ""}, {""turn_index"": 3, ""role"": ""student"", ""content"": ""Em sẽ không biết nhìn vào kênh nào, thấy đau đầu ạ.""}, {""turn_index"": 4, ""role"": ""tutor"", ""content"": ""Trang chiếu cũng vậy. Hình ảnh là để minh hoạ cho \""thông điệp chính\"". Nếu nhồi nhét quá nhiều ảnh, thông điệp chính sẽ ra sao? ""}, {""turn_index"": 5, ""role"": ""student"", ""content"": ""Thông điệp chính sẽ bị mờ nhạt, người xem không biết tập trung vào ý nào.""}]",Giải thích được vì sao không nên sử dụng quá nhiều hình ảnh trên một trang chiếu.,"Làm cho trang chiếu bị rối, phân tán sự chú ý khỏi thông điệp chính và mất tính thẩm mĩ."
BC-HNMU-G8-R0260-STT7-AI04,HNMU-G8-R0260-STT7,8,Bài 15: Gỡ lỗi,Hoạt động 1 (Tr. 85 SGK),Thông hiểu (Trình bày được quá trình),"Khi thấy kết quả sai, em nên làm gì đầu tiên hả thầy?","[{""turn_index"": 2, ""role"": ""tutor"", ""content"": ""Đừng vội sửa ngay nhé! Đầu tiên em phải biết \""lỗi là gì\"" (Xác định lỗi). Tiếp theo, em phải làm gì để biết đoạn code nào gây ra nó?""}, {""turn_index"": 3, ""role"": ""student"", ""content"": ""Em phải đi tìm chỗ nào viết sai ạ.""}]",Giải thích quy trình 3 bước để gỡ lỗi một chương trình.,B1: Xác định lỗi; B2: Tìm vị trí gây lỗi; B3: Sửa lỗi và kiểm tra lại.
BC-HNMU-G8-R0085-STT14-AI02,HNMU-G8-R0085-STT14,8,Bài 6. Săp xếp và lọc dữ liệu,"Vận dụng, Trang 31 SGK",Vận dụng (Sử dụng lọc điều kiện số),"Thầy ơi, trong danh sách số dài quá, em tích từng số 3, 4 lâu quá ạ.",[],Sử dụng chức năng Number Filters để lọc danh sách các lớp có từ 3 đến 4 học sinh sử dụng thiết bị từ 3 đến 4 giờ.,"Filter cột 3-4 giờ -> Number Filters -> Between -> Smallest: 3, Largest: 4."
BC-HNMU-G8-R0058-STT1-AI06,HNMU-G8-R0058-STT1,8,Bài 5: Sử dụng bảng tính giải quyết bài toán thực tế,"Mục 1, Trang 22 SGK",Nhận biết (Nêu được khái niệm),"Thầy ơi, khi em gõ ""=A1+B1"" rồi kéo xuống, tại sao nó lại tự đổi thành ""=A2+B2"" ạ?","[{""turn_index"": 2, ""role"": ""tutor"", ""content"": ""Chào em! Đó là một tính năng rất thông minh của bảng tính. Em có nhớ trong bài học, loại địa chỉ nào sẽ \""tự động thay đổi\"" khi ta sao chép công thức không?""}, {""turn_index"": 3, ""role"": ""student"", ""content"": ""Dạ, em nhớ có hai loại là tương đối và tuyệt đối ạ.""}, {""turn_index"": 4, ""role"": ""tutor"", ""content"": ""Đúng rồi! Vậy loại nào là \""mặc định\"" và có tính chất thay đổi theo vị trí mới nhỉ?""}, {""turn_index"": 5, ""role"": ""student"", ""content"": ""À, là địa chỉ tương đối đúng không thầy?""}]",Địa chỉ tương đối là gì?,Là tự động thay đổi khi sao chép công thức nhưng vẫn giữ nguyên vị trí tương đối giữa ô chứa công thức và ô có địa chỉ tương đối trong công thức.
BC-HNMU-G8-R0203-STT6-AI10,HNMU-G8-R0203-STT6,8,[11b] Thực hành tổng hợp,Bước 2. Tạo khung viền (Trang 71),Thông hiểu,"Thầy ơi em bực quá, em vừa tô màu Gradient cho cái lớp ""Khungvien"" xong thì cái ảnh phong cảnh của em biến mất tiêu luôn. Phần mềm bị lỗi ạ?","[{""turn_index"": 2, ""role"": ""tutor"", ""content"": ""Không phải phần mềm lỗi đâu em, đây là nguyên lí hiển thị của Layer! Em hãy tưởng tượng các Layer giống như một xấp giấy chồng lên nhau. Em đang nhìn từ trên xuống dưới.""}, {""turn_index"": 3, ""role"": ""student"", ""content"": ""Dạ vâng.""}, {""turn_index"": 4, ""role"": ""tutor"", ""content"": ""Trong bảng Layers ở góc phải, em xem lớp \""Khungvien\"" (có màu Gradient) đang nằm bên trên hay bên dưới lớp ảnh phong cảnh?""}, {""turn_index"": 5, ""role"": ""student"", ""content"": ""Nó đang nằm trên cùng ạ.""}, {""turn_index"": 6, ""role"": ""tutor"", ""content"": ""Khung viền thì bự, lại nằm trên cùng, bảo sao nó che kín mít bức ảnh ở dưới! Theo em, cái khung tranh thì phải nằm dưới hay nằm trên bức ảnh?""}, {""turn_index"": 7, ""role"": ""student"", ""content"": ""Khung tranh (cái nền) thì phải nằm dưới bức ảnh ạ.""}, {""turn_index"": 8, ""role"": ""tutor"", ""content"": ""Chuẩn luôn! Vậy em dùng chuột, nhấn giữ vào cái dòng chữ \""Khungvien\"" trong bảng đó, lôi nó kéo tụt xuống bên dưới lớp ảnh phong cảnh đi.""}, {""turn_index"": 9, ""role"": ""student"", ""content"": ""Ôi ảo diệu quá, em kéo xuống là bức ảnh phong cảnh hiện ra nằm chễm chệ giữa cái khung viền luôn rồi thầy ơi.""}]",Trình bày được cách sắp xếp thứ tự lớp (Layer) để hình ảnh gốc hiển thị được trên nền khung viền.,"Dùng chuột kéo thả lớp ""Khungvien"" xuống dưới lớp ảnh gốc (hoặc kéo lớp ảnh gốc lên trên) trong bảng điều khiển Layers."
BC-HNMU-G8-R0169-STT14-AI04,HNMU-G8-R0169-STT14,8,[8b] Làm quen với phần mềm chỉnh sửa ảnh,Thực hành tổng hợp,Vận dụng,Em muốn tự thiết kế một cái thiệp. Bắt đầu thế nào thầy?,"[{""turn_index"": 2, ""role"": ""tutor"", ""content"": ""Bắt đầu bằng việc tạo một \""tờ giấy trắng\"". Trong mọi phần mềm, lệnh tạo mới luôn nằm ở menu File. Tên nó là gì em nhỉ?""}, {""turn_index"": 3, ""role"": ""student"", ""content"": ""Dạ là File -> New.""}]",Vận dụng tạo mới một dự án ảnh với kích thước tùy chỉnh và lưu tệp.,"File -> New -> Nhập Width, Height -> Dùng Bucket Fill tô màu -> File -> Save."
BC-HNMU-G8-R0193-STT10-AI04,HNMU-G8-R0193-STT10,8,"[10b] Thêm văn bản, tạo hiệu ứng cho ảnh",Thực hành: Tạo khung viền (Trang 68),Thông hiểu,"Thầy ơi em làm y như sách. Lớp trên là ảnh cái cây, lớp dưới là cái nền màu vàng. Nhưng mà ảnh cái cây bự quá che lấp hết lớp màu vàng rồi. Làm sao để có viền vàng xung quanh ảnh?","[{""turn_index"": 2, ""role"": ""tutor"", ""content"": ""Em tư duy không gian rất tốt khi nhận ra lớp trên đang \""che khuất\"" lớp dưới. Giờ để lộ lớp nền vàng xung quanh ra, lớp trên (ảnh cái cây) cần phải làm gì?""}, {""turn_index"": 3, ""role"": ""student"", ""content"": ""Nó phải nhỏ lại ạ, nhỏ hơn cái nền vàng thì mới lòi viền ra được.""}]",Hiểu được tác dụng của việc kết hợp công cụ Scale (kích thước) và công cụ Move (di chuyển) khi hoàn thiện khung viền.,Công cụ Scale dùng để thu nhỏ ảnh gốc nằm lọt vào giữa khung nền. Công cụ Move dùng để kéo căn chỉnh ảnh nằm cân đối chính giữa khung viền.
BC-HNMU-G8-R0051-STT8-AI04,HNMU-G8-R0051-STT8,8,Bài 4. Đạo đức và văn hoá trong sử dụng công nghệ kĩ thuật số,"Mục 1, Trang 19 SGK",Thông hiểu (Phân biệt được chức năng),"Thầy ơi, em lấy ảnh trên mạng về làm slide, em chỉ cần ghi địa chỉ web là được đúng không ạ?","[{""turn_index"": 2, ""role"": ""tutor"", ""content"": ""Việc em ghi địa chỉ web đó gọi là \""trích dẫn nguồn\"". Nếu em lấy ảnh đó và nói là \""tự mình vẽ\"" thì là gì?""}, {""turn_index"": 3, ""role"": ""student"", ""content"": ""Dạ lúc đó là em đang nói dối, là vi phạm bản quyền ạ.""}]","Phân biệt sự khác nhau giữa việc ""Trích dẫn nguồn"" và ""Vi phạm bản quyền"".",Trích dẫn nguồn là nêu rõ tên tác giả/nguồn gốc; Vi phạm là nhận tác phẩm của người khác là của mình.
BC-HNMU-G8-R0273-STT6-AI04,HNMU-G8-R0273-STT6,8,Bài 16,Mục 1 (Tr. 89 SGK),Thông hiểu (Phân biệt được),"Thầy ơi, cả hai nhóm này đều dùng máy tính, vậy chúng khác nhau chỗ nào ạ?","[{""turn_index"": 2, ""role"": ""tutor"", ""content"": ""Em hãy tưởng tượng: Một bên là người \""chế tạo ra chiếc xe\"" (thuật toán, công nghệ), một bên là người \""lái xe giỏi\"" để đi giao hàng (dùng công nghệ vào việc khác). Bên nào là Khoa học máy tính?""}, {""turn_index"": 3, ""role"": ""student"", ""content"": ""Dạ người chế tạo xe là Khoa học máy tính ạ.""}]",Phân biệt sự khác nhau giữa nhóm nghề Khoa học máy tính và Tin học ứng dụng.,"Khoa học máy tính: nghiên cứu lý thuyết, thuật toán; Tin học ứng dụng: sử dụng công cụ tin học để giải quyết vấn đề trong các lĩnh vực khác."
BC-HNMU-G8-R0007-STT6-AI04,HNMU-G8-R0007-STT6,8,Bài 1. Lược sử công cụ tính toán,"Mục 3, Trang 9 SGK",Thông hiểu (Trình bày được sự thay đổi),"Thầy ơi, tại sao Internet lại làm thay đổi cách chúng em học tập ạ?","[{""turn_index"": 2, ""role"": ""tutor"", ""content"": ""Hãy thử tưởng tượng nhé: Nếu trường học bị đóng cửa vì dịch bệnh mà không có Internet, em có thể tiếp tục nghe cô giáo giảng bài không?""}, {""turn_index"": 3, ""role"": ""student"", ""content"": ""Dạ không ạ, lúc đó chắc chỉ có thể tự đọc sách ở nhà thôi.""}]",Trình bày những thay đổi trong phương thức học tập của học sinh nhờ sự phát triển của máy tính và Internet.,"Học sinh có thể học mọi lúc mọi nơi, tiếp cận kho tri thức khổng lồ, học trực tuyến và tương tác với giáo viên, chuyên gia trên toàn thế giới."
BC-HNMU-G8-R0200-STT3-AI02,HNMU-G8-R0200-STT3,8,[11b] Thực hành tổng hợp,Bước 2. Tạo khung viền (Trang 71),Nhận biết,"Thầy ơi, cô giáo bảo làm xong khung viền thì phải gộp nó lại với ảnh gốc cho gọn. Em bôi đen cả 2 lớp được không?",[],Nhận diện lệnh dùng để trộn/gộp lớp phía trên xuống lớp phía dưới.,Lệnh Merge Down (chuột phải vào lớp chọn Merge Down).
BC-HNMU-G9-R0233-STT8-AI06,HNMU-G9-R0233-STT8,9,[12b]: Hoàn thành việc dựng video,Mục 2 (Tr. 71),Thông hiểu,"Em thấy nút Split để chia nhỏ video. Nhưng chia ra rồi nó vẫn chiếu y hệt nhau, thế chia làm gì cho mất công ạ?","[{""turn_index"": 2, ""role"": ""tutor"", ""content"": ""Một thắc mắc rất hợp lí! Giả sử em quay video bạn em vừa hát vừa múa dài 2 phút. Phút đầu bạn hát, phút sau bạn múa. Em muốn chèn chữ \""Phần 1: Hát\"" và \""Phần 2: Múa\"" thì sao?""}, {""turn_index"": 3, ""role"": ""student"", ""content"": ""Em thêm Text vào thôi ạ.""}, {""turn_index"": 4, ""role"": ""tutor"", ""content"": ""Nhưng nếu để nguyên 1 clip dài, khi em chèn Text, chữ sẽ hiện trên toàn bộ clip. Em có muốn chữ \""Phần 1: Hát\"" hiện cả lúc bạn đang múa không?""}, {""turn_index"": 5, ""role"": ""student"", ""content"": ""Ồ, không ạ. Vậy em phải dùng Split cắt clip làm đôi ở phút thứ 1!""}]",Giải thích mục đích của việc sử dụng công cụ Split (Phân chia video) trong quá trình dựng phim.,"Dùng để cắt bỏ đoạn video lỗi ở giữa, chèn thêm hình ảnh/hiệu ứng/chữ vào giữa một video dài, hoặc tách một video ra áp dụng các hiệu ứng khác nhau cho từng phần."
BC-HNMU-G9-R0239-STT14-AI02,HNMU-G9-R0239-STT14,9,[12b]: Hoàn thành việc dựng video,Vận dụng (Tr. 72),Vận dụng,Em đã đến phần cuối cùng: Hoàn thiện dự án MyVideo. Dữ liệu của em là clip đi thả diều. Nhưng em có nhiều ý tưởng quá chưa biết sắp xếp thế nào.,[],"Hoàn thiện và đóng gói dự án cá nhân ""MyVideo"" bằng các công cụ đã học.","HS tự thao tác kết hợp Custom audio, Split, Rotate, Speed, Themes và cuối cùng là Back up dự án cá nhân."
BC-HNMU-G9-R0284-STT3-AI10,HNMU-G9-R0284-STT3,9,Bài 16: Thực hành: Lập chương trình máy tính,"Mục 1.b Gỡ lỗi, trang 84",Nhận biết,"Thầy ơi, em thấy việc tạo Bảng dữ liệu kiểm thử ở trang 84 mất thời gian quá, nó có thực sự cần thiết không ạ?","[{""turn_index"": 2, ""role"": ""tutor"", ""content"": ""[Kiểm soát thất vọng] Câu hỏi rất phản biện! Thầy lấy ví dụ nhé, em viết chương trình tính tiền mua vé xem phim. Em nhập 2 vé, nó tính ra 100k, đúng. Nhưng nếu em nhập -2 vé, máy tính trừ tiền của rạp để trả lại em. Điều đó có ổn không?""}, {""turn_index"": 3, ""role"": ""student"", ""content"": ""Chết, thế thì lỗi logic nặng quá ạ.""}, {""turn_index"": 4, ""role"": ""tutor"", ""content"": ""[Giảm bậc tự do] Đúng vậy! Lỗi đó xảy ra vì em chưa bẫy trường hợp người dùng nhập số âm. Vậy để biết chương trình có bị lỗi như thế không, em phải làm gì trước khi giao cho khách hàng?""}, {""turn_index"": 5, ""role"": ""student"", ""content"": ""Em phải tự nhập thử nhiều con số khác nhau, kể cả số âm vào chương trình xem nó chạy ra sao.""}, {""turn_index"": 6, ""role"": ""tutor"", ""content"": ""[Đặt câu hỏi Socratic] Rất chuẩn. Tập hợp tất cả những con số em định nhập thử đó (như số âm, số 0, số rất lớn), người ta gọi chung là gì trong bài học?""}, {""turn_index"": 7, ""role"": ""student"", ""content"": ""Đó chính là \""bộ dữ liệu kiểm thử\"" ạ.""}, {""turn_index"": 8, ""role"": ""tutor"", ""content"": ""[Đánh dấu đặc điểm] Hoàn hảo. Vậy mục đích cuối cùng của bộ dữ liệu này là giúp em làm gì?""}, {""turn_index"": 9, ""role"": ""student"", ""content"": ""Giúp em phát hiện lỗi ở các tình huống khác nhau để sửa trước khi nộp ạ.""}]",Mục đích chính của việc lập bộ dữ liệu kiểm thử (test data) cho chương trình là gì?,"Để chạy thử chương trình, đối chiếu kết quả với các tình huống tính toán thực tế, từ đó phát hiện xem chương trình có bị lỗi hay không để sửa chữa."
BC-HNMU-G9-R0134-STT7-AI04,HNMU-G9-R0134-STT7,9,10a. Sử dụng hàm Countif,"Câu hỏi, Trang 43 SGK",Thông hiểu (Giải thích sự thay đổi địa chỉ),"Thầy ơi, em kéo công thức xuống hàng dưới thì kết quả bị sai, vùng dữ liệu cứ bị tụt xuống ạ","[{""turn_index"": 2, ""role"": ""tutor"", ""content"": ""Đó là do địa chỉ tương đối đấy! Để \""khóa\"" vùng dữ liệu đó lại để nó \""đứng im\"" dù em có kéo đi đâu, em cần dùng loại địa chỉ nào?""}, {""turn_index"": 3, ""role"": ""student"", ""content"": ""Dạ là địa chỉ tuyệt đối có dấu $ đúng không thầy?""}]","Tại sao khi sao chép công thức hàm COUNTIF cho nhiều hàng, ta thường phải sử dụng địa chỉ tuyệt đối cho tham số range?","Để cố định vùng dữ liệu cần đếm, giúp vùng này không bị dịch chuyển khi kéo công thức xuống các ô khác."
BC-HNMU-G9-R0262-STT9-AI04,HNMU-G9-R0262-STT9,9,Bài 14: Giải quyết vấn đề,"Mục 1, luyện tập (sinh thêm)",Thông hiểu,"Tại sao trong Tin học người ta hay nói phải ""đánh giá giải pháp"" trước khi chọn ạ?","[{""turn_index"": 2, ""role"": ""tutor"", ""content"": ""[Đồng cảm] Đây là bước thể hiện tư duy của người lập trình đấy em. Giả sử em có bài toán: \""Sắp xếp 1000 quyển sách theo thứ tự ABC\"". Em có giải pháp 1: Tìm từng cuốn một; Giải pháp 2: Xếp sách lên kệ có nhãn dán.""}, {""turn_index"": 3, ""role"": ""student"", ""content"": ""Vâng ạ.""}]",Trình bày lí do tại sao cần đánh giá các giải pháp trước khi quyết định lựa chọn một giải pháp?,"Để so sánh ưu điểm, nhược điểm, từ đó chọn được cách giải quyết tối ưu nhất, tiết kiệm thời gian hoặc tài nguyên nhất cho máy tính."
BC-HNMU-G9-R0104-STT5-AI04,HNMU-G9-R0104-STT5,9,Bài 8: Sử dụng công cụ trực quan trình bày thông tin trong trao đổi và hợp tác,Chuẩn bị (Tr. 46 SGV),Hiểu (Giải thích sự cần thiết),Em cứ vừa làm vừa lên mạng tìm ảnh đính kèm có được không thầy?,"[{""turn_index"": 2, ""role"": ""tutor"", ""content"": ""Hãy tưởng tượng em đang nấu ăn mà cứ mỗi lúc lại phải chạy ra chợ mua một thứ gia vị, món ăn của em có ngon và nhanh được không?""}, {""turn_index"": 3, ""role"": ""student"", ""content"": ""Dạ không, sẽ rất lâu và bị rối ạ.""}]","Tại sao học sinh cần chuẩn bị sẵn các tệp dữ liệu (ảnh, video, bảng tính) trước khi thực hành?","Để quá trình thực hiện liên tục, không bị ngắt quãng và đảm bảo có sẵn dữ liệu để đính kèm."
BC-HNMU-G9-R0045-STT2-AI06,HNMU-G9-R0045-STT2,9,Bài 4: Một số vấn đề pháp lý về sử dụng dịch vụ Internet,Mục 1. b (Tr. 16 SGK),Nhận biết (Nêu được khái niệm),Tại sao em lấy ảnh trên mạng về đăng lại bị coi là vi phạm bản quyền ạ?,"[{""turn_index"": 2, ""role"": ""tutor"", ""content"": ""Em hãy tưởng tượng em vẽ một bức tranh rất đẹp, nhưng người khác lại ký tên họ vào đó thì em thấy sao?""}, {""turn_index"": 3, ""role"": ""student"", ""content"": ""Dạ em sẽ thấy rất bất công vì đó là công sức của em.""}, {""turn_index"": 4, ""role"": ""tutor"", ""content"": ""Đúng rồi! Sự công nhận và bảo vệ công sức đó gọi là \""Quyền tác giả\"". Vậy theo em, quyền này thuộc về ai?""}, {""turn_index"": 5, ""role"": ""student"", ""content"": ""Thuộc về người đã sáng tạo ra tác phẩm đó ạ!""}]",Quyền tác giả đối với sản phẩm số là gì?,"Là quyền của tổ chức, cá nhân đối với tác phẩm do mình sáng tạo ra hoặc sở hữu."
BC-HNMU-G9-R0082-STT11-AI04,HNMU-G9-R0082-STT11,9,Bài 6: Thực hành: Khai thác phần mềm mô phỏng,Luyện tập (Tr. 26 SGK),Vận dụng (Thực hiện được nhiệm vụ đặt ra),"Thầy hướng dẫn em pha màu xanh lá mạ với ạ, em pha toàn ra xanh đậm thôi.","[{""turn_index"": 2, ""role"": ""tutor"", ""content"": ""Màu xanh lá mạ thì trông \""vàng\"" hơn hay \""xanh\"" hơn màu cỏ bình thường em nhỉ?""}, {""turn_index"": 3, ""role"": ""student"", ""content"": ""Dạ nó hơi vàng chanh một chút ạ.""}]","Thực hiện pha màu ""Xanh lá mạ"" từ các màu cơ bản trên trycolors.com và ghi lại tỉ lệ.","Chọn Vàng (Yellow) + Xanh lam (Blue) với tỉ lệ Vàng nhiều hơn (vd: 70% Vàng, 30% Lam)."
BC-HNMU-G9-R0013-STT12-AI04,HNMU-G9-R0013-STT12,9,Bài 1: Thế giới kĩ thuật số,Luyện tập 2 (Tr. 8 SGK),Vận dụng (Khai thác được thông tin),"Trên Internet nhiều tin giả lắm, em có nên học trên đó không thầy?","[{""turn_index"": 2, ""role"": ""tutor"", ""content"": ""Quan trọng là em biết \""chọn lọc\"" nguồn tin uy tín. Em đã từng tự học được một kĩ năng nào đó qua Youtube hay các trang học tập chưa?""}, {""turn_index"": 3, ""role"": ""student"", ""content"": ""Dạ có, em học được cách gấp giấy Origami và học từ vựng tiếng Anh ạ.""}]",Kể về một ví dụ về kiến thức em học được từ nguồn thông tin trên Internet.,"HS nêu ví dụ cụ thể (vd: học ngoại ngữ, học cách nấu ăn, tìm hiểu về khoa học...)."
BC-HNMU-G9-R0248-STT9-AI06,HNMU-G9-R0248-STT9,9,[13b]: Biên tập và xuất video,Mục 2 (Tr. 74),Thông hiểu,"Sắp thi thực hành, AI dò lại quy trình xuất video cho em với. Bước 1 làm gì ạ?","[{""turn_index"": 2, ""role"": ""tutor"", ""content"": ""Tuyệt vời, mình cùng rà soát nhé. Đóng vai em đã dựng xong phim. Nút đầu tiên em bấm ở góc trên bên phải là?""}, {""turn_index"": 3, ""role"": ""student"", ""content"": ""Là \""Finish video\"" ạ.""}, {""turn_index"": 4, ""role"": ""tutor"", ""content"": ""Bấm xong, một bảng nhỏ hiện ra hỏi em điều gì?""}, {""turn_index"": 5, ""role"": ""student"", ""content"": ""Bảng hỏi chọn \""Video quality\"" (High, Medium, Low).""}]",Trình bày được quy trình xuất video cơ bản.,Nháy Finish video -> Chọn Video quality -> Nháy Export -> Chọn vị trí và đặt tên -> Nháy Export.
